text,tweet_id,name,tweet_created,retweet_count,favourites_count,tweet_coordinates,tweet_sentiment_DDRM,tweet_sentiment_GAH,tweet_sentiment_OKL,DM_Score,GH_Score,OL_Score,Sum,airline_sentiment,Contested
"@jet2tweets booked with jet2 first time on Sunday and by today the package i booked for 2 has gone down nearly £80, just doesn't seem fair",5.83E+17,shykhan607,2015-03-31 21:37:19+00:00,0,0,,negative,negative,negative,-1,-1,-1,-3,negative,
@jet2tweets does the price that comes up on the app the full price as there's no option to book seats when I've used you before,5.83E+17,newmantaz,2015-03-31 21:27:38+00:00,0,0,,neutral,neutral,negative,0,0,-1,-1,neutral,contested
@jet2tweets got engaged at the top. Not a good day. ,5.83E+17,CDPotterLtd,2015-03-31 20:49:18+00:00,0,0,,negative,negative,negative,-1,-1,-1,-3,negative,
@jet2tweets ....2K8JV4 was back on sunday 29th,5.83E+17,Desymac,2015-03-31 18:33:49+00:00,0,0,,neutral,neutral,neutral,0,0,0,0,neutral,
@jet2tweets @EDI_Airport ...anyone traveling with jet2holidays ..hold on to your cases ...because they DONT !!!,5.83E+17,Desymac,2015-03-31 18:08:07+00:00,0,0,,negative,negative,negative,-1,-1,-1,-3,negative,
@jet2tweets do you know whether flights from manchester to murcia going to continue after november?,5.83E+17,chriscam66,2015-03-31 18:06:18+00:00,0,0,,neutral,neutral,neutral,0,0,0,0,neutral,
@jet2tweets Hi I've just dm you both numbers Kirsty,5.83E+17,bluedanny8754,2015-03-31 14:49:14+00:00,0,0,,neutral,neutral,neutral,0,0,0,0,neutral,
"@jet2tweets I'm going to tenerife on Thurs with jet2holidays and there is no facility to add API on manage my booking on Web, what can I do?",5.83E+17,lukevincent122,2015-03-31 14:19:34+00:00,0,1,,neutral,negative,negative,0,-1,-1,-2,negative,contested
@jet2tweets done,5.83E+17,DavidHollyhead,2015-03-31 13:08:43+00:00,0,0,,neutral,neutral,neutral,0,0,0,0,neutral,
"@jet2tweets Hi booked with low cost and fly with yourselves, I've got confirmation through and have 2 different ref no's",5.83E+17,bluedanny8754,2015-03-31 12:31:28+00:00,0,0,,neutral,neutral,negative,0,0,-1,-1,neutral,contested
"@jet2tweets I booked a £2300 holiday through Top Cash Back in Feb, the deal was to get £30 cash back, TCB say you haven't paid up, why not?",5.83E+17,DavidHollyhead,2015-03-31 11:57:57+00:00,0,0,,negative,negative,negative,-1,-1,-1,-3,negative,
@Jet2tweets's How come NCL-&gt;KRK-&gt;NCL flights are so expensive? It is often cheaper to fly KLM!,5.83E+17,richilton,2015-03-31 11:55:12+00:00,0,0,,negative,negative,negative,-1,-1,-1,-3,negative,
"@jet2tweets hi, recieved the second email earlier, thanks anyway.",5.83E+17,MattGleeson89,2015-03-31 10:59:20+00:00,0,0,,neutral,neutral,neutral,0,0,0,0,neutral,
@jet2tweets Disappointed that my flight has been moved 2hrs later when travelling with young child!,5.83E+17,MrsReilly84,2015-03-31 08:42:07+00:00,0,0,,negative,negative,negative,-1,-1,-1,-3,negative,
@jet2tweets holiday - we've already booked but our 2 sons want to join us for 5 days so that's the issue!,5.83E+17,SarahGoldt,2015-03-30 19:56:06+00:00,0,0,,neutral,neutral,negative,0,0,-1,-1,neutral,contested
@jet2tweets oh and btw we just got back from lovely hol at Costa Adeje Gran Hotel in Tenerife!,5.83E+17,SarahGoldt,2015-03-30 19:51:34+00:00,0,0,,neutral,neutral,positive,0,0,1,1,neutral,contested
@jet2tweets hi there I need a bit of advice about booking for people when you're not the lead name? Can you help?,5.83E+17,SarahGoldt,2015-03-30 19:49:55+00:00,0,0,,neutral,neutral,neutral,0,0,0,0,neutral,
@jet2tweets wanted to compliment you on flight from Gran Canaria to EastMids airport. First time using you but definitely again.,5.83E+17,Feltip1982,2015-03-30 19:33:51+00:00,0,0,,positive,positive,positive,1,1,1,3,positive,
@jet2tweets my phone has no missed calls showing atall. and that number is too expensive to call for me using my Mobile.,5.83E+17,DavidCLumb1,2015-03-30 17:56:10+00:00,0,0,,negative,negative,negative,-1,-1,-1,-3,negative,
@jet2tweets i have DM'd my phone number i missed your Dm message. Im going off now. if you replie ill see your replie later on,5.83E+17,DavidCLumb1,2015-03-30 17:24:11+00:00,0,0,,neutral,neutral,neutral,0,0,0,0,neutral,
"@jet2tweets done, can you follow back plz?",5.83E+17,stevengilligan,2015-03-30 16:06:34+00:00,0,0,,neutral,neutral,negative,0,0,-1,-1,neutral,contested
"@jet2tweets cycling in majorca next week, can I take pressurised CO2 cartridges on the plane?",5.83E+17,stevengilligan,2015-03-30 14:59:02+00:00,0,0,,neutral,neutral,neutral,0,0,0,0,neutral,
@jet2tweets is is possible for me to change my seat again on my inconvient flight times flight going out to tenerife?,5.83E+17,DavidCLumb1,2015-03-30 14:37:21+00:00,0,0,,neutral,negative,negative,0,-1,-1,-2,negative,contested
@jet2tweets thank you,5.83E+17,lalapo1,2015-03-30 11:20:50+00:00,0,0,,positive,positive,positive,1,1,1,3,positive,
@jet2tweets if I'm travelling to Palma Majorca in June and my passport expires in October is this okay?someone told me u have to have 6mth,5.83E+17,lalapo1,2015-03-30 11:08:00+00:00,0,0,,neutral,neutral,neutral,0,0,0,0,neutral,
@jet2tweets think these two found my location rather amusing. Crew of G-GDFF 29/3/15 . I was stood on a shed though,5.82E+17,NickPreston40,2015-03-29 18:45:34+00:00,0,0,,neutral,neutral,positive,0,0,1,1,neutral,contested
"@jet2tweets flight to and from bcn were good. Great, friendly crew. Bcn ground staff let u down by not taggin bags and causing delays.",5.82E+17,fionasuffredini,2015-03-29 18:40:44+00:00,0,0,,positive,positive,negative,1,1,-1,1,neutral,contested
@jet2tweets To the snowy playgrounds of #Champoluc #Italy,5.82E+17,euuuan,2015-03-29 17:21:11+00:00,0,0,,neutral,neutral,positive,0,0,1,1,neutral,contested
@jet2tweets hey :) was wondering how long the £100 off is on for?? thanks,5.82E+17,DaniEckersley,2015-03-29 13:23:12+00:00,0,0,,neutral,neutral,neutral,0,0,0,0,neutral,
@jet2tweets what's a lazy Sunday....??,5.82E+17,JonnyW1969,2015-03-29 09:51:44+00:00,0,0,,neutral,neutral,neutral,0,0,0,0,neutral,
"@jet2tweets All except the car clock, might get round to that before October.",5.82E+17,LandypeteMorris,2015-03-29 08:13:30+00:00,0,0,,neutral,neutral,neutral,0,0,0,0,neutral,
@jet2tweets #ShoutOut to Deborah &amp; Vikki Flight LS518 #bestcustomerservice looked after us superb @ChrisssTheCub ,5.82E+17,JonTheFoxxx,2015-03-28 20:39:52+00:00,1,1,,positive,positive,positive,1,1,1,3,positive,
@jet2tweets sorry Vicki missed your message gran canaria in may,5.82E+17,wesedmund,2015-03-28 20:22:52+00:00,0,0,,neutral,neutral,neutral,0,0,0,0,neutral,
@jet2tweets Ta!,5.82E+17,allonlister,2015-03-28 17:07:37+00:00,0,0,,positive,positive,positive,1,1,1,3,positive,
@jet2tweets Hi Adam thanks a lot for the info. It'll be Newcastle to Rome around mid/late November.,5.82E+17,philrp1980,2015-03-28 16:55:53+00:00,0,0,,positive,neutral,neutral,1,0,0,1,neutral,contested
"@jet2tweets We have flights tomorrow. Conf says 07:30, http://Jet2.com says 07:30, LBA site says 06:30, clock forward problem?",5.82E+17,allonlister,2015-03-28 16:12:49+00:00,0,0,,neutral,neutral,negative,0,0,-1,-1,neutral,contested
@jet2tweets hi do you know when your winter 2015/16 flights will be available to book?,5.82E+17,philrp1980,2015-03-28 15:03:50+00:00,0,0,,neutral,neutral,neutral,0,0,0,0,neutral,
@jet2tweets Not single manager turned up to take charge. Took an hour to open door for air circulation. No explanations. Policy review req'd,5.82E+17,AlexxiaPG,2015-03-28 14:55:50+00:00,0,0,,negative,negative,negative,-1,-1,-1,-3,negative,
"@jet2tweets Flight EMA to FAO sat delayed 40 min n now being told we have to get off and identify our bags! Poor comms, kids crying #SortIt",5.82E+17,AlexxiaPG,2015-03-28 14:14:06+00:00,0,0,,negative,negative,negative,-1,-1,-1,-3,negative,
@jet2tweets Thanks Adam. Just DMd you my details x,5.82E+17,HackettLady,2015-03-28 13:17:08+00:00,0,0,,neutral,neutral,positive,0,0,1,1,neutral,contested
@jet2tweets Please follow me so I can direct message you. Thanks,5.82E+17,WeDeserveBette1,2015-03-28 13:07:13+00:00,0,0,,neutral,neutral,neutral,0,0,0,0,neutral,
"@jet2tweets Hi, could you please follow me so I can DM you my details. Thank you x",5.82E+17,HackettLady,2015-03-28 12:56:08+00:00,0,0,,neutral,neutral,neutral,0,0,0,0,neutral,
@jet2tweets yay! That's awesome! Also congrats to @JanTweetTweets @suenatal have a lovely weekend x,5.82E+17,HackettLady,2015-03-28 10:41:24+00:00,0,0,,positive,positive,positive,1,1,1,3,positive,
"@jet2tweets could you follow me please so that I can DM, thank you",5.82E+17,suenatal,2015-03-28 10:32:07+00:00,0,0,,neutral,neutral,neutral,0,0,0,0,neutral,
Thank you so much @jet2tweets and congrats to @HackettLady @JanTweetTweets,5.82E+17,suenatal,2015-03-28 10:30:29+00:00,0,0,,positive,positive,positive,1,1,1,3,positive,
@jet2tweets @HackettLady @suenatal thanks (and congrats ladies!) - can you follow me so I can DM,5.82E+17,janib_19,2015-03-28 10:23:20+00:00,0,0,,positive,positive,positive,1,1,1,3,positive,
@jet2tweets When are you guys going to invest in some Airbus a320's?,5.82E+17,karlsn74,2015-03-28 10:09:31+00:00,0,0,,neutral,neutral,negative,0,0,-1,-1,neutral,contested
@jet2tweets just say ...the cabin crew handled a very poorly lady brilliantly #credittoyourteam #flightLS831,5.82E+17,mrsdobber,2015-03-28 07:09:53+00:00,0,0,,positive,positive,positive,1,1,1,3,positive,
@jet2tweets yes please,5.82E+17,lyn_mcleod,2015-03-27 19:39:20+00:00,0,0,,neutral,positive,neutral,0,1,0,1,neutral,contested
@jet2tweets Thanks. If the pilot or co pilot are locked out of the cockpit are they able to get back in?,5.82E+17,stevewatson1958,2015-03-27 18:09:28+00:00,0,0,,neutral,neutral,neutral,0,0,0,0,neutral,
"@jet2tweets hi, it looks like this was only happening in Chrome browser so sorted now. Thanks.",5.81E+17,pjb1981,2015-03-27 15:43:48+00:00,0,0,,neutral,neutral,positive,0,0,1,1,neutral,contested
@jet2tweets @xxalibobxx will this procedure be enforced as I am sure in the past this is not always the case,5.81E+17,manddvictor,2015-03-27 15:34:57+00:00,0,0,,neutral,neutral,negative,0,0,-1,-1,neutral,contested
@jet2tweets @stevewatson1958 is this in force on all Jet2 flights,5.81E+17,manddvictor,2015-03-27 15:28:09+00:00,0,0,,neutral,neutral,neutral,0,0,0,0,neutral,
"@jet2tweets interesting start to our hol yesterday! Aborted landing in Alicante, nearly pooped when we hit the runway and took off again",5.81E+17,mrstinahammond,2015-03-27 13:51:46+00:00,0,0,,neutral,negative,negative,0,-1,-1,-2,negative,contested
"@jet2tweets Do Jet2 procedures enforce a ""2 crew members in the cockpit at all times"" rule?",5.81E+17,stevewatson1958,2015-03-27 12:40:23+00:00,0,0,,neutral,neutral,neutral,0,0,0,0,neutral,
@jet2tweets thanks for your help - checkin just closed unfortunately.,5.81E+17,timwright_leeds,2015-03-27 12:25:31+00:00,0,0,,neutral,neutral,negative,0,0,-1,-1,neutral,contested
@jet2tweets any chance I could get on your 13.40 flight today from FCO to LBA. My flight via Ams delayed.,5.81E+17,timwright_leeds,2015-03-27 12:12:29+00:00,0,0,,neutral,negative,neutral,0,-1,0,-1,neutral,contested
"@jet2tweets hi,is there a problem with your site? Trying to login to Manage My Booking but getting this error?",5.81E+17,pjb1981,2015-03-27 11:28:17+00:00,0,0,,negative,negative,negative,-1,-1,-1,-3,negative,
@jet2tweets hi can you confirm the new depart time for flight ls888 frm Prague to Manchester.,5.81E+17,Rob_Stoke,2015-03-27 10:37:07+00:00,0,0,,neutral,neutral,neutral,0,0,0,0,neutral,
@jet2tweets Ahhh fab thank you x,5.81E+17,xxalibobxx,2015-03-27 10:07:30+00:00,0,0,,positive,positive,positive,1,1,1,3,positive,
@jet2tweets #jet2view Leaving Barcelona yesterday.,5.81E+17,pandaeyes82,2015-03-27 09:59:46+00:00,0,0,,neutral,neutral,neutral,0,0,0,0,neutral,
@jet2tweets Mediterranean Sea.,5.81E+17,pandaeyes82,2015-03-27 09:47:43+00:00,0,0,,neutral,neutral,neutral,0,0,0,0,neutral,
@jet2tweets Mediterranean,5.81E+17,gazh147,2015-03-27 09:47:29+00:00,0,0,,neutral,neutral,neutral,0,0,0,0,neutral,
@jet2tweets thank you. We are still at MAN. Aircraft change so only departing about 11.30 now. Can't wait!,5.81E+17,dizzytix,2015-03-27 09:46:48+00:00,0,0,,positive,negative,positive,1,-1,1,1,neutral,contested
@jet2tweets the beautiful Mediterranean sea,5.81E+17,sherree75,2015-03-27 09:42:37+00:00,0,0,,positive,neutral,neutral,1,0,0,1,neutral,contested
@jet2tweets i have a package holiday to Budv with you. Can i check in at BUD airport at no cost as I have no access to a printer.,5.81E+17,dizzytix,2015-03-27 09:38:42+00:00,0,0,,neutral,neutral,neutral,0,0,0,0,neutral,
@jet2tweets @OldGeorge8 lovely old job. That's put my mind a rest. Flying with you soon.,5.81E+17,Ericpennyworth,2015-03-27 09:12:43+00:00,0,0,,positive,positive,positive,1,1,1,3,positive,
@jet2tweets Excellent news and Good to see that Jet2 is ahead of the game!,5.81E+17,OldGeorge8,2015-03-27 08:24:24+00:00,0,0,,positive,positive,positive,1,1,1,3,positive,
@jet2tweets In light of the terrible French Alps crash will Jet2 be adopting a 2 in the cockpit policy?,5.81E+17,OldGeorge8,2015-03-27 07:48:10+00:00,0,0,,neutral,neutral,neutral,0,0,0,0,neutral,
@jet2tweets final balance paid to holiday! Can't wait to fly out to Lanzarote with the family!! ,5.81E+17,rebekah8_6,2015-03-27 06:43:51+00:00,0,0,,positive,positive,positive,1,1,1,3,positive,
@jet2tweets ensure a member of cabin crew is in the cockpit when pilot or co pilot leave the cabin. #GermanWingsCrash #AlpsCrash #A320Crash,5.81E+17,mick376ad,2015-03-26 23:22:33+00:00,0,1,,neutral,neutral,neutral,0,0,0,0,neutral,
@jet2tweets @pryordurkin nice to read that as always like to fly with Jet2,5.81E+17,DKGooders,2015-03-26 19:13:25+00:00,0,0,,positive,positive,positive,1,1,1,3,positive,
@jet2tweets Thanks for letting me know!,5.81E+17,itspedromc,2015-03-26 18:32:32+00:00,0,0,,positive,neutral,positive,1,0,1,2,positive,contested
@jet2tweets all Jet2 flights have a 10% sale on! Book your holiday today extra savings #dalaman #Turkey #holidays http://www.jet2.com,5.81E+17,VillaYar,2015-03-26 17:59:03+00:00,0,0,,neutral,neutral,positive,0,0,1,1,neutral,contested
@jet2tweets hi my wife injured her leg skiing and needs a wheelchair when we get to Edin from Salz on Sat. How can I arrange that? Thnx,5.81E+17,orourkes05,2015-03-26 17:11:52+00:00,0,0,,neutral,neutral,negative,0,0,-1,-1,neutral,contested
@jet2tweets Can you take water pistols in hold luggage? Sorry if this is a ridiculous question....,5.81E+17,itspedromc,2015-03-26 16:51:45+00:00,0,0,,neutral,neutral,neutral,0,0,0,0,neutral,
@jet2tweets they said take it out of one bag and put it in another surly it's all going on the same plane.please use your heads shocking,5.81E+17,DanLoach,2015-03-26 10:22:08+00:00,0,0,,negative,negative,negative,-1,-1,-1,-3,negative,
@jet2tweets absolutely disgusted just checked in paid £40 to take my clubs and was 3kg over and the charge me £40 extra shocking,5.81E+17,DanLoach,2015-03-26 10:21:13+00:00,0,0,,negative,negative,negative,-1,-1,-1,-3,negative,
@jet2tweets Jet2 nominated as best airline in 2015 #50plusawards Vote http://bit.ly/1zRrM4Z to be included in £50 prize draw,5.81E+17,Rob50plusShow,2015-03-26 09:18:20+00:00,0,0,,neutral,neutral,positive,0,0,1,1,neutral,contested
"@jet2tweets #Jet2snaphut research before you go and keep a little notebook on you with important info, nearest metro station, directions etc",5.81E+17,suenatal,2015-03-26 08:51:04+00:00,0,0,,neutral,neutral,neutral,0,0,0,0,neutral,
@jet2tweets Family and friends 9 day break to Tenerife :) First time with Jet2 ;)),5.81E+17,kittycatlitter,2015-03-25 17:59:22+00:00,0,0,,positive,positive,positive,1,1,1,3,positive,
@jet2tweets perfect thanks #gifts,5.81E+17,G4SAGGU,2015-03-25 17:44:13+00:00,0,0,,positive,positive,positive,1,1,1,3,positive,
@jet2tweets flying back from prague tomorrow can I take chocs n sweets in cabin baggage ?,5.81E+17,G4SAGGU,2015-03-25 17:14:08+00:00,0,0,,neutral,neutral,neutral,0,0,0,0,neutral,
@jet2tweets thank you but after several phone calls and a bit of Internet searching a compromise has been reached.,5.81E+17,paula_plt,2015-03-25 16:11:25+00:00,0,0,,neutral,neutral,negative,0,0,-1,-1,neutral,contested
"@jet2tweets #Jet2Snaphut be prepared to walk A LOT! And always look up around you! Esp in cities like New York, where everything is so tall",5.81E+17,janib_19,2015-03-25 15:44:34+00:00,0,0,,neutral,neutral,neutral,0,0,0,0,neutral,
@jet2tweets #Jet2SnapHut if there is no meter readings try to bargain the taxi price as they always charge extra from foreigners,5.81E+17,HackettLady,2015-03-25 14:38:00+00:00,0,0,,neutral,neutral,neutral,0,0,0,0,neutral,
@jet2tweets is it possible to book a flight for 1 person but room for 2 people on @jet2holidays,5.81E+17,princessrisi,2015-03-25 14:28:18+00:00,0,0,,neutral,neutral,neutral,0,0,0,0,neutral,
@jet2tweets @lyn_mcleod,5.81E+17,lyn_mcleod,2015-03-25 13:59:33+00:00,0,0,,neutral,neutral,neutral,0,0,0,0,neutral,
"@jet2tweets Research whether you can or can't drink the tap water, believe me its not fun if you get it wrong.. #jet2snaphut",5.81E+17,____LP____,2015-03-25 13:13:50+00:00,0,0,,neutral,neutral,neutral,0,0,0,0,neutral,
@jet2tweets hi it wont let me print holiday tickets and information for the holiday in 3 weeks could you send them by post instead please?,5.81E+17,mattyrogers1988,2015-03-25 12:50:54+00:00,0,0,,neutral,negative,negative,0,-1,-1,-2,negative,contested
@jet2tweets wish i lived nearer! ,5.81E+17,MrsHelenTP,2015-03-25 11:14:26+00:00,0,0,,neutral,neutral,neutral,0,0,0,0,neutral,
@jet2tweets too bad it's work!,5.80E+17,alexlowndes88,2015-03-24 20:17:34+00:00,0,0,,neutral,neutral,negative,0,0,-1,-1,neutral,contested
@jet2tweets Leeds to Amsterdam,5.80E+17,alexlowndes88,2015-03-24 19:41:19+00:00,0,0,,neutral,neutral,neutral,0,0,0,0,neutral,
"@jet2tweets first time with Jet2 today. Very impressed all round, friendly service, on time, clean",5.80E+17,alexlowndes88,2015-03-24 19:23:30+00:00,0,0,,positive,positive,positive,1,1,1,3,positive,
@jet2tweets only allow one complaint per party!!!!! 10 of us flew and only one of us can complain! @BBCWatchdog @easyJet @flybe,5.80E+17,mountaincamper1,2015-03-24 17:55:51+00:00,0,0,,negative,negative,negative,-1,-1,-1,-3,negative,
@jet2tweets I will be using jet2 anyway ! Top class staff ! Feel free to give us free upgrades when we fly then ha ha #bestairline,5.80E+17,paddyheaver,2015-03-24 17:10:57+00:00,0,0,,positive,positive,positive,1,1,1,3,positive,
@jet2tweets can I get free flights to ibiza for a week 20th June since im a loyal customer please :) legends !!,5.80E+17,paddyheaver,2015-03-24 16:57:28+00:00,0,0,,neutral,positive,positive,0,1,1,2,positive,contested
@jet2tweets cheers have a good day!,5.80E+17,GChambers10,2015-03-24 14:06:20+00:00,0,0,,positive,positive,positive,1,1,1,3,positive,
@jet2tweets super. Thank you ,5.80E+17,WeDeserveBette1,2015-03-24 13:45:38+00:00,0,0,,positive,positive,positive,1,1,1,3,positive,
@jet2tweets can you tell me if you charge extra for baggage containing medical supplies? Travelling next week with my disabled daughter?,5.80E+17,GChambers10,2015-03-24 13:44:47+00:00,0,0,,neutral,neutral,neutral,0,0,0,0,neutral,
"@jet2tweets thank you, I will. Will you refund my postage costs? I bought a selfie stick and it doesn't work.",5.80E+17,WeDeserveBette1,2015-03-24 09:48:20+00:00,0,0,,neutral,neutral,negative,0,0,-1,-1,neutral,contested
@jet2tweets can you please give me a number for customer services? 0330 300 0042 from website is not recognised,5.80E+17,judeaustin61,2015-03-24 09:32:48+00:00,0,0,,neutral,neutral,negative,0,0,-1,-1,neutral,contested
@jet2tweets hi I thought it important to tell you that I flew back from Maderia yesterday on 800 and the front 3 rows were NOT asked to wait,5.80E+17,jo90210GG,2015-03-24 07:01:41+00:00,0,0,,neutral,negative,negative,0,-1,-1,-2,negative,contested
@jet2tweets don't know how to do that. Do you want to give me an email address or you mail me eamonn@verycreative.me,5.80E+17,eamonnhunt,2015-03-23 21:54:33+00:00,0,0,,neutral,neutral,negative,0,0,-1,-1,neutral,contested
@jet2tweets running out of room for Cabin luggage on outward flight... equally poor effort,5.80E+17,TheRealRYAN1987,2015-03-23 21:16:33+00:00,0,0,,negative,negative,negative,-1,-1,-1,-3,negative,
@jet2tweets running out of food on the flight back from Rome today. Poor effort.,5.80E+17,TheRealRYAN1987,2015-03-23 21:16:08+00:00,0,0,,negative,negative,negative,-1,-1,-1,-3,negative,
@jet2tweets package ideally,5.80E+17,Lozj77,2015-03-23 14:10:40+00:00,0,0,,neutral,neutral,neutral,0,0,0,0,neutral,
@jet2tweets never in my life have I had worse flying experiences than those with #Jet2 - think twice before booking with them.,5.80E+17,LanaDolan,2015-03-23 14:03:56+00:00,0,0,,negative,negative,negative,-1,-1,-1,-3,negative,
@jet2tweets I travelled from Manchester to Budapest on Thursday and returned yesterday… both journeys delayed by 90mins+ #neveragain,5.80E+17,LanaDolan,2015-03-23 14:01:12+00:00,0,0,,negative,negative,negative,-1,-1,-1,-3,negative,
@jet2tweets When will Jet2Holidays Summer 2016 be on sale? Thanks,5.80E+17,marklewins,2015-03-23 13:57:13+00:00,0,0,,neutral,neutral,neutral,0,0,0,0,neutral,
"@jet2tweets i cant see this, can you send me a link please - city break under £200",5.80E+17,Lozj77,2015-03-23 13:34:11+00:00,0,0,,neutral,neutral,negative,0,0,-1,-1,neutral,contested
@jet2tweets you need to follow me so I can send message,5.80E+17,mountaincamper1,2015-03-23 13:31:07+00:00,0,0,,neutral,neutral,neutral,0,0,0,0,neutral,
@jet2tweets cant see late deals,5.80E+17,Lozj77,2015-03-23 13:02:12+00:00,0,0,,neutral,neutral,negative,0,0,-1,-1,neutral,contested
@jet2tweets we are taking part in a charity hitch hike right now!! Please can you help us with flights?? It's for the NSPCC!,5.80E+17,bananahitch15,2015-03-23 11:41:04+00:00,0,0,,neutral,neutral,neutral,0,0,0,0,neutral,
"@jet2tweets Is there a way to filter packages on the website from date going? Looking for a trip 3- 6 april, open to locations",5.80E+17,Lozj77,2015-03-23 11:12:54+00:00,0,0,,neutral,neutral,neutral,0,0,0,0,neutral,
@jet2tweets no online check in. What?,5.80E+17,eamonnhunt,2015-03-23 08:16:32+00:00,0,0,,negative,negative,negative,-1,-1,-1,-3,negative,
@Jet2tweets : New flights from Glasgow &amp; Newcastle to Larnaka this summer. @gla_airport @NCLairport,5.80E+17,TemptingHols,2015-03-23 06:50:05+00:00,0,0,,neutral,neutral,neutral,0,0,0,0,neutral,
@jet2tweets It won't be a brand new 737 that's for sure. ,5.80E+17,karlsn74,2015-03-22 22:23:37+00:00,0,0,,neutral,neutral,negative,0,0,-1,-1,neutral,contested
@jet2tweets but purchased some duty free on the plane and its faulty. How may I arrange to return and refund? Thanks,5.80E+17,WeDeserveBette1,2015-03-22 20:56:32+00:00,0,0,,negative,negative,negative,-1,-1,-1,-3,negative,
@jet2tweets had a great flight with yourselves recently. Def more leg room than other economy planes ,5.80E+17,WeDeserveBette1,2015-03-22 20:55:59+00:00,0,0,,positive,positive,positive,1,1,1,3,positive,
@jet2tweets your pricing policy is driving me nuts! 10% off plus further 5% offer should mean price goes down not up? Sneaky!,5.80E+17,janholt,2015-03-22 17:59:46+00:00,0,0,,negative,negative,negative,-1,-1,-1,-3,negative,
Rob @jet2tweets With respect I have done this 3 times now &amp; sent trees worth of letters! AESA have replied again &amp; Jet2 fail to do so,5.80E+17,evmoregirl,2015-03-22 16:01:52+00:00,0,1,,negative,negative,negative,-1,-1,-1,-3,negative,
@jet2tweets Some Sun? ,5.80E+17,c_sandi91,2015-03-22 13:18:47+00:00,0,0,,neutral,neutral,neutral,0,0,0,0,neutral,
@jet2tweets at Manchester airport..,5.80E+17,thepaullangley,2015-03-22 11:44:31+00:00,0,0,,neutral,neutral,neutral,0,0,0,0,neutral,
@jet2tweets free flights ???,5.80E+17,briangeehx,2015-03-22 11:14:53+00:00,0,0,,neutral,neutral,neutral,0,0,0,0,neutral,
@jet2tweets when will the prices be out for next summer ,5.80E+17,sarahpen29,2015-03-22 09:05:49+00:00,0,0,,neutral,neutral,neutral,0,0,0,0,neutral,
@jet2tweets have a good night,5.79E+17,catherinegard,2015-03-21 18:24:48+00:00,0,0,,neutral,neutral,positive,0,0,1,1,neutral,contested
@jet2tweets,5.79E+17,catherinegard,2015-03-21 17:56:08+00:00,0,0,,neutral,neutral,neutral,0,0,0,0,neutral,
@jet2tweets then tunisia in September,5.79E+17,catherinegard,2015-03-21 17:45:44+00:00,0,0,,neutral,neutral,neutral,0,0,0,0,neutral,
@jet2tweets lanzarote 31st May with jet 2,5.79E+17,catherinegard,2015-03-21 17:44:40+00:00,0,0,,neutral,neutral,neutral,0,0,0,0,neutral,
@jet2tweets what are you going to do about the threat of court action by the watchdog for ignoring their instructions?,5.79E+17,LesleyCollins1,2015-03-21 17:04:13+00:00,0,0,,negative,negative,negative,-1,-1,-1,-3,negative,
@jet2tweets @UK_CAA Jet2 will never comply unless made to do so their customer service is shocking delayed flight they are in denial? #fail,5.79E+17,tjhkdog,2015-03-21 16:42:31+00:00,0,0,,negative,negative,negative,-1,-1,-1,-3,negative,
@jet2tweets i can't go to My Booking and change it as it states in the FAQ section you can change your selected seat without a call.,5.79E+17,DavidCLumb1,2015-03-21 15:58:20+00:00,0,0,,negative,negative,negative,-1,-1,-1,-3,negative,
@jet2tweets is it Possible for me to change my seat Allocation that ive bought? or is it not possible?,5.79E+17,DavidCLumb1,2015-03-21 15:42:39+00:00,0,0,,neutral,neutral,negative,0,0,-1,-1,neutral,contested
@jet2tweets thanks for the help guy's. Much appreciated.,5.79E+17,RealMarkMcC,2015-03-21 15:24:15+00:00,0,0,,positive,positive,positive,1,1,1,3,positive,
@jet2tweets so sent a email to operations 3 days ago and not had a response. More crap customer service from you!!,5.79E+17,therealjbeal,2015-03-21 15:09:50+00:00,0,0,,negative,negative,negative,-1,-1,-1,-3,negative,
"@jet2tweets hey, any idea when summer 2016 holidays will be released? Thanks.",5.79E+17,RealMarkMcC,2015-03-21 14:58:48+00:00,0,0,,neutral,neutral,neutral,0,0,0,0,neutral,
"@jet2tweets 40 minutes without an answer, I hope I don't get charged for being on hold!!!",5.79E+17,leedawson1_lee,2015-03-21 13:50:51+00:00,0,0,,negative,negative,negative,-1,-1,-1,-3,negative,
@jet2tweets are your phone lines down? Been on hold for ages and no answer!,5.79E+17,leedawson1_lee,2015-03-21 13:21:41+00:00,0,0,,negative,negative,negative,-1,-1,-1,-3,negative,
@jet2tweets hi I've booked with u but need to req a travel cot how do I do that? Thanks,5.79E+17,ruthabram,2015-03-21 11:41:50+00:00,0,0,,neutral,neutral,neutral,0,0,0,0,neutral,
@jet2tweets great ok thanks!,5.79E+17,sazzle0dazzle,2015-03-21 09:47:03+00:00,0,0,,positive,neutral,positive,1,0,1,2,positive,contested
"@jet2tweets yes I am aware of that, but I am trying to find out for my friend what her fees would be",5.79E+17,sazzle0dazzle,2015-03-21 09:23:03+00:00,0,0,,neutral,neutral,neutral,0,0,0,0,neutral,
@jet2tweets @wizzair exposed on BBCR4 moneybox at midday for falsely claiming that flight comp under SC ruling can only go back 2 years,5.79E+17,fermi239,2015-03-21 09:15:32+00:00,0,0,,negative,negative,negative,-1,-1,-1,-3,negative,
@jet2tweets hey what are the charges for changing a return flight mid August to the beginning of August? The flights are Glasgow to Paphos.,5.79E+17,sazzle0dazzle,2015-03-21 07:51:52+00:00,0,0,,neutral,neutral,neutral,0,0,0,0,neutral,
@jet2tweets Thank you folks for a fantastic eclipse flight. Here''s the umbra overtaking us at 2000kts ...,5.79E+17,hamishonfloats,2015-03-20 20:28:41+00:00,3,6,,positive,positive,positive,1,1,1,3,positive,
@jet2tweets now that's a picture,5.79E+17,NorthumbPiper,2015-03-20 17:27:44+00:00,0,0,,neutral,neutral,positive,0,0,1,1,neutral,contested
@jet2tweets and funny how there were seats available in between our seats that were available to book but it still separated us by 3 rows!,5.79E+17,linsbaumeister,2015-03-20 16:01:26+00:00,0,0,,negative,negative,negative,-1,-1,-1,-3,negative,
@jet2tweets how selfless of you to do that when you are charging me £6 to do it and convenient it auto allocates us separately #whatbull,5.79E+17,linsbaumeister,2015-03-20 16:00:54+00:00,0,0,,negative,negative,negative,-1,-1,-1,-3,negative,
@jet2tweets flight LS887 4hrs late from Manc. Replacement plane has refreshments for less than 1/2 passengers. V poor. Expect a compo claim,5.79E+17,alan_bradwell,2015-03-20 14:23:29+00:00,0,0,,negative,negative,negative,-1,-1,-1,-3,negative,
@jet2tweets thanks Kirsty boarding now so hopefully homeward bound very soon xx,5.79E+17,RochelleIllingw,2015-03-20 14:20:44+00:00,0,0,,positive,neutral,positive,1,0,1,2,positive,contested
"@jet2tweets waiting in a Rome for flight LS332 to Leeds, delayed until 3pm but still not boarding #no information #whatsgoingon",5.79E+17,RochelleIllingw,2015-03-20 14:06:19+00:00,0,0,,negative,negative,negative,-1,-1,-1,-3,negative,
@jet2tweets delay on LS332 from Rome but no info on your website???,5.79E+17,CiaoGuiseley,2015-03-20 13:39:38+00:00,0,0,,negative,negative,negative,-1,-1,-1,-3,negative,
@jet2tweets any news on the Prague to Manchester flight? My mate @zeibura is not a happy bunny :-(,5.79E+17,D0bryDan,2015-03-20 11:51:09+00:00,0,1,,negative,negative,negative,-1,-1,-1,-3,negative,
"@jet2tweets been delayed since 8:25, moved to another plane, and now lost the extra leg room that we've paid for. Kindly, stick your drink!",5.79E+17,kylegavinjones,2015-03-20 11:46:55+00:00,0,0,,negative,negative,negative,-1,-1,-1,-3,negative,
@jet2tweets thanks for making me accept seats not next to my husband unless I pay £6 each...and charge if I don't check in online,5.79E+17,linsbaumeister,2015-03-20 11:37:30+00:00,0,0,,negative,negative,negative,-1,-1,-1,-3,negative,
"@jet2tweets hi, is there a delay with the 1230 ls888 flight from prague?",5.79E+17,MKJamie87,2015-03-20 11:15:53+00:00,0,0,,neutral,negative,negative,0,-1,-1,-2,negative,contested
"@jet2tweets sat on plane over an hour, something's broke, Going to get off it at 11am fix it or we walk #barcelona",5.79E+17,AshtonHydro,2015-03-20 10:16:41+00:00,0,1,,negative,negative,negative,-1,-1,-1,-3,negative,
@jet2tweets Ls202 from Amsterdam on Final to @LBIAirport over Rothwell #eclipse2015 #SolarEclipse,5.79E+17,Mark_Readman99,2015-03-20 10:02:06+00:00,16,15,,neutral,neutral,positive,0,0,1,1,neutral,contested
@jet2tweets hubby ready for the #eclipse thankyou for the specs x,5.79E+17,piggypops123,2015-03-20 09:20:10+00:00,1,1,,positive,neutral,positive,1,0,1,2,positive,contested
@jet2tweets thank you so much for my glasses! Can't wait to use them! X,5.79E+17,Saminzki,2015-03-20 08:29:46+00:00,1,1,,positive,neutral,positive,1,0,1,2,positive,contested
@jet2tweets What's going on with LS331 Leeds to Rome this morning? Not expected to leave until 14.30???,5.79E+17,PreeceOwen,2015-03-20 08:20:53+00:00,0,0,,negative,negative,negative,-1,-1,-1,-3,negative,
@jet2tweets Thank you #eclipse2015,5.79E+17,angelatlucky,2015-03-20 08:09:11+00:00,0,0,,positive,neutral,positive,1,0,1,2,positive,contested
@jet2tweets Thanks very much for my eclipse glasses :),5.79E+17,angelatlucky,2015-03-20 06:57:27+00:00,1,2,,positive,positive,positive,1,1,1,3,positive,
@jet2tweets will do thanks Kirsty..,5.79E+17,ydarans,2015-03-19 23:03:22+00:00,0,0,,positive,neutral,positive,1,0,1,2,positive,contested
@jet2tweets booking some flights through http://jet2.com any discount codes I can use? :),5.79E+17,CarlLoft,2015-03-19 20:51:55+00:00,0,0,,neutral,neutral,neutral,0,0,0,0,neutral,
@jet2tweets which flights from manchester to Italy are affected with the strike tomorrow?thanks,5.79E+17,ydarans,2015-03-19 19:17:06+00:00,0,0,,neutral,neutral,neutral,0,0,0,0,neutral,
@jet2tweets @urbfsbelle great stuff from Jet2,5.79E+17,grahamck63,2015-03-19 14:23:58+00:00,0,1,,positive,positive,positive,1,1,1,3,positive,
"@jet2tweets Hi, can you tell me the address of your HR department. You can also DM if you would prefer. Thanks",5.79E+17,SahotaAnita,2015-03-19 10:37:46+00:00,0,0,,neutral,negative,neutral,0,-1,0,-1,neutral,contested
@jet2tweets @RyanairFlights @easyJet Any news on the Italian Air Traffic Strike 20th March,5.79E+17,TravelsportUK,2015-03-19 10:24:03+00:00,0,0,,neutral,neutral,neutral,0,0,0,0,neutral,
@jet2tweets Thank you! I assume you have not released a specific date they will be on sale as Thomson and Thomas Cook have?,5.78E+17,stephaniemunro6,2015-03-18 19:43:48+00:00,0,2,,neutral,neutral,neutral,0,0,0,0,neutral,
@jet2tweets you mother truckers lol!,5.78E+17,MarnieWild,2015-03-18 18:34:07+00:00,0,0,,negative,neutral,neutral,-1,0,0,-1,neutral,contested
@jet2tweets Do you know when 2016 package holidays and flights are going to be released? #excited to book the holiday part of my wedding!,5.78E+17,stephaniemunro6,2015-03-18 17:52:50+00:00,0,0,,positive,positive,positive,1,1,1,3,positive,
@jet2tweets ok thanks Kirsty,5.78E+17,Sumo_ftm,2015-03-18 16:54:27+00:00,0,0,,neutral,neutral,positive,0,0,1,1,neutral,contested
"@jet2tweets Hi have a holiday booked for Tunisia in September, with the terrorist attacks that have happened, can I change my destination.",5.78E+17,Sumo_ftm,2015-03-18 16:01:08+00:00,0,0,,neutral,neutral,neutral,0,0,0,0,neutral,
@jet2tweets i asked about the Flight Tickets on the online chat. they seemed to be dealing with someone else? do i get them a month before?,5.78E+17,DavidCLumb1,2015-03-18 15:04:00+00:00,0,0,,neutral,neutral,negative,0,0,-1,-1,neutral,contested
@jet2tweets Please can you supply me with an email do I can forward a complaint about a recent booking.,5.78E+17,isabellagsenior,2015-03-18 12:47:32+00:00,0,0,,negative,negative,negative,-1,-1,-1,-3,negative,
@jet2tweets that's where am going already booked and paid,5.78E+17,ShogunSkilling,2015-03-18 12:16:20+00:00,0,0,,neutral,neutral,neutral,0,0,0,0,neutral,
@jet2tweets ... This dropped through my door this morning from the little girl across the road,5.78E+17,Freya_Leigh_,2015-03-18 10:52:44+00:00,1,0,,neutral,neutral,neutral,0,0,0,0,neutral,
@jet2tweets good morning!I have checked in online for flight on Saturday..But where do I print my boarding passes?I can't find it! #help!,5.78E+17,sosnowski1,2015-03-18 08:54:41+00:00,0,0,,neutral,negative,negative,0,-1,-1,-2,negative,contested
@jet2tweets when do summer 2016 holidays go on sale?,5.78E+17,cat197923,2015-03-18 08:14:10+00:00,0,0,,neutral,neutral,neutral,0,0,0,0,neutral,
@jet2tweets ... But nothing has been taken from my account ?! Do you know why? Many thanks.,5.78E+17,MattChesterUK,2015-03-18 00:32:33+00:00,0,0,,neutral,negative,negative,0,-1,-1,-2,negative,contested
@jet2tweets hi I made a deposit for my hol on thurs last wk by debit card and the remaining bal was meant to be auto debited on the 17/03...,5.78E+17,MattChesterUK,2015-03-18 00:31:47+00:00,0,0,,neutral,negative,neutral,0,-1,0,-1,neutral,contested
@jet2tweets I've spoken to an advisor over the phone already who can't help. Damage is done. What is the procedure for complaints please?,5.78E+17,JadeyLou_xo,2015-03-17 22:27:28+00:00,0,0,,negative,negative,negative,-1,-1,-1,-3,negative,
@jet2tweets shocking service! @JadeyLou_xo,5.78E+17,land_josh,2015-03-17 19:46:21+00:00,0,0,,negative,negative,negative,-1,-1,-1,-3,negative,
@jet2tweets absolutely disgusting customer service! Completely ruined my holiday when I've payed decent money.,5.78E+17,JadeyLou_xo,2015-03-17 19:41:51+00:00,0,0,,negative,negative,negative,-1,-1,-1,-3,negative,
@jet2tweets Mmmm clearly fuel is more expensive at half term....,5.78E+17,katie_bec,2015-03-17 18:07:44+00:00,0,0,,negative,negative,negative,-1,-1,-1,-3,negative,
"@jet2tweets thanks Kirsty. Just a suggestion but you might want to mention this on seating plans, everyone was muttering about it.",5.78E+17,jo90210GG,2015-03-17 16:20:56+00:00,0,0,,neutral,negative,negative,0,-1,-1,-2,negative,contested
@jet2tweets Hi travelling to fueterventura with you in sept and passport runs out end of october will i be ok ?,5.78E+17,NotTrousers001,2015-03-17 16:02:55+00:00,0,0,,neutral,neutral,neutral,0,0,0,0,neutral,
@jet2tweets when I queried I was told it was standard on the 800's. Thanks for investigating.,5.78E+17,jo90210GG,2015-03-17 15:07:28+00:00,0,0,,neutral,neutral,neutral,0,0,0,0,neutral,
"@jet2tweets hi Kirsty. Flying Leeds Bradford to Madeira yesterday, departed 8.15am. Stewardess was quite unpleasant about it. Thanks.",5.78E+17,jo90210GG,2015-03-17 13:55:22+00:00,0,0,,negative,negative,negative,-1,-1,-1,-3,negative,
@jet2tweets launches East Midlands Airport winter flying schedule http://ow.ly/Kr7IC,5.78E+17,derbyshire_live,2015-03-17 12:40:41+00:00,0,1,,neutral,neutral,neutral,0,0,0,0,neutral,
@jet2tweets launches East Midlands Airport winter flying schedule http://ow.ly/Kr7zK,5.78E+17,jules_bayley,2015-03-17 12:40:41+00:00,0,1,,neutral,neutral,neutral,0,0,0,0,neutral,
@jet2tweets trust me I'm not dropping this.,5.78E+17,stewartholt75,2015-03-17 12:23:37+00:00,0,0,,negative,neutral,negative,-1,0,-1,-2,negative,contested
"@jet2tweets so pay up! And why does everything have to be sent by mail, talk about making it hard to get what we're entitled too!",5.78E+17,stewartholt75,2015-03-17 12:23:23+00:00,0,0,,negative,negative,negative,-1,-1,-1,-3,negative,
"@jet2tweets I've been sending letter by mail and they're trying everything to get out of paying up, you've recently lost a court battle",5.78E+17,stewartholt75,2015-03-17 12:22:36+00:00,0,0,,negative,negative,negative,-1,-1,-1,-3,negative,
@jet2tweets,5.78E+17,stewartholt75,2015-03-17 11:27:40+00:00,0,0,,neutral,neutral,neutral,0,0,0,0,neutral,
@jet2tweets Jet2/127144 booking ref 1422184/S14H,5.78E+17,stewartholt75,2015-03-17 11:27:08+00:00,0,0,,neutral,neutral,neutral,0,0,0,0,neutral,
@jet2tweets jet2/127144 booking ref: 1422184/S14H please look into this ASAP,5.78E+17,stewartholt75,2015-03-17 11:20:54+00:00,0,0,,neutral,neutral,negative,0,0,-1,-1,neutral,contested
@jet2tweets jet2/127144 booking ref: 1422184/s14h please look into this ASAP,5.78E+17,stewartholt75,2015-03-17 10:05:05+00:00,0,0,,neutral,neutral,negative,0,0,-1,-1,neutral,contested
"@jet2tweets Joe, I have sent you details of our enquiry, thank you.",5.78E+17,isabellagsenior,2015-03-17 08:58:05+00:00,0,0,,neutral,neutral,neutral,0,0,0,0,neutral,
@jet2tweets we fly with you guys to Tenerife in May. Counting down already!!,5.78E+17,jonathanspooner,2015-03-17 08:15:50+00:00,0,0,,positive,neutral,positive,1,0,1,2,positive,contested
"@jet2tweets Good Morning, please can you follow us so I can DM you regarding a query on a recent booking. Thank you",5.78E+17,isabellagsenior,2015-03-17 07:49:49+00:00,0,0,,neutral,neutral,neutral,0,0,0,0,neutral,
@jet2tweets why is it so hard to contact you!!!!,5.78E+17,Jamieb2306,2015-03-16 19:54:55+00:00,0,0,,negative,negative,negative,-1,-1,-1,-3,negative,
@jet2tweets done that and I'm being lied to. They're trying to get out of paying the compensation!,5.78E+17,stewartholt75,2015-03-16 18:52:41+00:00,0,0,,negative,negative,negative,-1,-1,-1,-3,negative,
@jet2tweets done that and have been lied to. You're trying to get out of paying.,5.78E+17,stewartholt75,2015-03-16 18:51:49+00:00,0,0,,negative,negative,negative,-1,-1,-1,-3,negative,
@jet2tweets ref#jet2/127144 Please advise about this case as I'm in the dark? How can I be told I was delayed by 2.55hrs! When it was 5 hrs,5.78E+17,stewartholt75,2015-03-16 18:32:17+00:00,0,0,,negative,negative,negative,-1,-1,-1,-3,negative,
@jet2tweets @Dorothy_Perkins Entered - Would LOVE this as never been to Ibiza before &amp; enjoy the 5* treatment #win,5.78E+17,angelatlucky,2015-03-16 17:47:14+00:00,0,0,,positive,positive,positive,1,1,1,3,positive,
@jet2tweets @Dorothy_Perkins @sbjones87,5.78E+17,sharonjones13,2015-03-16 17:47:11+00:00,0,1,,neutral,neutral,neutral,0,0,0,0,neutral,
@jet2tweets Dont fly Jet2. They will let u down.,5.78E+17,SylviaMLawson1,2015-03-16 17:08:39+00:00,0,0,,negative,negative,negative,-1,-1,-1,-3,negative,
"@jet2tweets I've already sent you a DM. You company are hiding behind your supplier in Spain, when my contract was with you.",5.78E+17,brandyorkshire,2015-03-16 16:07:33+00:00,0,0,,negative,negative,negative,-1,-1,-1,-3,negative,
@jet2tweets and I bet that you would like 2 photograph them as well?,5.77E+17,ClarkQuadGirls,2015-03-16 15:24:49+00:00,0,0,,neutral,neutral,negative,0,0,-1,-1,neutral,contested
@jet2tweets Not impressed with your car hire partner at Rome. Car not available. Sat Nav not available - been waiting for 30 mins for a car,5.77E+17,CiaoGuiseley,2015-03-16 15:20:15+00:00,0,0,,negative,negative,negative,-1,-1,-1,-3,negative,
"@jet2tweets ok Will do, also why do the letters have to be written? Why can't you accept email? Thomas Cook do!",5.77E+17,stewartholt75,2015-03-16 14:58:18+00:00,0,0,,negative,negative,negative,-1,-1,-1,-3,negative,
"@jet2tweets Google ""Rotherham Quads"" ",5.77E+17,ClarkQuadGirls,2015-03-16 14:46:45+00:00,0,0,,neutral,neutral,neutral,0,0,0,0,neutral,
"Hi Kirsty @jet2tweets they are 2 on the 25th shortest flight, Spain? B looking at late year or early next year?",5.77E+17,ClarkQuadGirls,2015-03-16 14:46:11+00:00,0,0,,neutral,neutral,neutral,0,0,0,0,neutral,
"@jet2tweets hi, can you waver full payment on holidays by a couple of days?",5.77E+17,EmilyNealeEyre,2015-03-16 14:44:09+00:00,0,0,,neutral,neutral,positive,0,0,1,1,neutral,contested
@jet2tweets can all 6 of us fly with U?,5.77E+17,ClarkQuadGirls,2015-03-16 14:23:37+00:00,0,0,,neutral,neutral,neutral,0,0,0,0,neutral,
"@jet2tweets flight delayed 5hrs, I've now sent 2 letters and had a reply from Amy Dixon telling me I was only delayed 2.55 Hrs!!!",5.77E+17,stewartholt75,2015-03-16 14:23:25+00:00,0,0,,negative,negative,negative,-1,-1,-1,-3,negative,
@jet2tweets Thanks for picking me as a winner x,5.77E+17,angelatlucky,2015-03-16 12:30:32+00:00,0,1,,positive,positive,positive,1,1,1,3,positive,
"@jet2tweets have to say that the staff at Leeds were great, but I still somehow paid more in extra costs than my flight cost! Wtf",5.77E+17,AtlasMountain,2015-03-16 11:53:55+00:00,0,0,,negative,negative,negative,-1,-1,-1,-3,negative,
"@jet2tweets that's a shame, it's New York we really want and can't go till January, we often book with jet2 but I guess not this time",5.77E+17,Lyddylyds,2015-03-16 10:09:39+00:00,0,0,,negative,neutral,negative,-1,0,-1,-2,negative,contested
@jet2tweets Where is the APD Refund Tab?,5.77E+17,DanHamburgerUK,2015-03-16 07:58:29+00:00,0,0,,neutral,negative,neutral,0,-1,0,-1,neutral,contested
"@jet2tweets The car hire contract was with you. Therefore, you are responsible for the over charging &amp; very poor service from your supplier.",5.77E+17,brandyorkshire,2015-03-16 06:10:09+00:00,0,0,,negative,negative,negative,-1,-1,-1,-3,negative,
@jet2tweets Still no answer from your customer service department? Warning: Jet2 do not take any responsibility for their car hire provider!,5.77E+17,brandyorkshire,2015-03-16 06:08:46+00:00,0,0,,negative,negative,negative,-1,-1,-1,-3,negative,
@jet2tweets savage garden- to the moon and back So excited can't wait to experience the eclipse wud b amaze to have glasses 2b safe ,5.77E+17,MrsHelenTP,2015-03-16 01:55:31+00:00,0,0,,positive,positive,positive,1,1,1,3,positive,
@jet2tweets To the Moon and Back - Savage Garden #eclipse,5.77E+17,LKEW84,2015-03-15 21:28:49+00:00,0,0,,neutral,neutral,neutral,0,0,0,0,neutral,
"@jet2tweets why is there no New York flights past December? Looking to go January 2016, was going to book this week, disappointed!",5.77E+17,Lyddylyds,2015-03-15 20:57:41+00:00,0,0,,negative,negative,negative,-1,-1,-1,-3,negative,
@jet2tweets #eclipse #Win The whole of the moon by The Waterboys :),5.77E+17,angelatlucky,2015-03-15 17:55:41+00:00,0,0,,positive,positive,neutral,1,1,0,2,positive,contested
@jet2tweets bad moon rising by ccr .. I see trouble on the way ,5.77E+17,EilisBell,2015-03-15 16:03:17+00:00,0,0,,neutral,neutral,neutral,0,0,0,0,neutral,
@jet2tweets can't fight the moonlight -leann rimes it takes me back ,5.77E+17,EilisBell,2015-03-15 15:59:10+00:00,0,0,,neutral,neutral,neutral,0,0,0,0,neutral,
@jet2tweets i'm Going to Puerto De La Cruz later this year. &amp; when do i get to know my hotel room floor/number.,5.77E+17,DavidCLumb1,2015-03-15 15:44:07+00:00,0,0,,neutral,neutral,neutral,0,0,0,0,neutral,
@jet2tweets #eclipse #win miss Saigon - sun and moon,5.77E+17,daytimesurfer,2015-03-15 12:12:00+00:00,0,0,,neutral,neutral,neutral,0,0,0,0,neutral,
"@jet2tweets cheers Rob, other companies Thomas cook etc starting to release, hope you don't miss the boat",5.77E+17,andybigfella,2015-03-15 10:23:30+00:00,0,0,,neutral,neutral,neutral,0,0,0,0,neutral,
"@jet2tweets hello, any new on when holidays will be released for May 2016..?",5.77E+17,andybigfella,2015-03-15 09:59:48+00:00,0,0,,neutral,neutral,neutral,0,0,0,0,neutral,
"@jet2tweets Man On The Moon, by REM",5.77E+17,FatMacsFatWife,2015-03-15 00:58:45+00:00,0,1,,neutral,neutral,neutral,0,0,0,0,neutral,
@jet2tweets fly me to the moon,5.77E+17,susan1375,2015-03-15 00:57:03+00:00,0,0,,neutral,neutral,neutral,0,0,0,0,neutral,
@jet2tweets Eclipse- pink Floyd,5.77E+17,Saminzki,2015-03-14 23:57:37+00:00,0,0,,neutral,neutral,neutral,0,0,0,0,neutral,
@jet2tweets The photo in your newspaper ad for New #Croatia holidays looks a bit like,5.77E+17,BacupBoird,2015-03-14 23:55:09+00:00,0,0,,neutral,neutral,neutral,0,0,0,0,neutral,
@jet2tweets would love to win! Just been searching for a viewing card or glasses but they're quite costly! Fingers crossed :) thank you x,5.77E+17,Saminzki,2015-03-14 23:16:33+00:00,0,0,,positive,neutral,positive,1,0,1,2,positive,contested
@jet2tweets here comes the sun - the Beatles ,5.77E+17,Saminzki,2015-03-14 23:15:11+00:00,0,0,,neutral,neutral,neutral,0,0,0,0,neutral,
@jet2tweets MoonDance - Van Morrison,5.77E+17,HackettLady,2015-03-14 15:42:18+00:00,0,0,,neutral,neutral,neutral,0,0,0,0,neutral,
@jet2tweets recieved an email re APD refund we are eligible for. No tab on 'Manage my booking' as suggested? Any ideas?,5.77E+17,GemFloyd,2015-03-14 12:50:38+00:00,0,0,,neutral,negative,negative,0,-1,-1,-2,negative,contested
@jet2tweets I would be honoured if you would follow me back,5.77E+17,simonstevens74,2015-03-14 12:50:26+00:00,0,0,,neutral,neutral,neutral,0,0,0,0,neutral,
@jet2tweets your mobile website isn't working properly. Cannot select dates or duration ,5.77E+17,EBroadbank,2015-03-14 12:04:17+00:00,0,0,,negative,negative,negative,-1,-1,-1,-3,negative,
@jet2tweets I am trying to enter my passport info to claim APD but because I have an infant in the party it won't allow - please advise,5.77E+17,NickyBrown1,2015-03-14 10:44:42+00:00,0,0,,neutral,negative,negative,0,-1,-1,-2,negative,contested
@jet2tweets Did I win the glasses ?,5.77E+17,signsolutionsuk,2015-03-14 10:27:01+00:00,0,0,,neutral,neutral,neutral,0,0,0,0,neutral,
@jet2tweets what is with jet2 changing flight times!! Not good when I've a baby flying!!! #soannoying,5.77E+17,catkealey24,2015-03-14 01:36:35+00:00,0,0,,negative,negative,negative,-1,-1,-1,-3,negative,
@jet2tweets @ZacharyCocker someone must have photoshopped out the rust on the wing! Wheres the engine? Fallen off at this point?,5.76E+17,Luke_Cordon,2015-03-13 18:46:43+00:00,0,0,,negative,negative,negative,-1,-1,-1,-3,negative,
@jet2tweets Les Gets! It's amazing!!,5.76E+17,jonathanspooner,2015-03-13 17:23:57+00:00,0,0,,positive,neutral,positive,1,0,1,2,positive,contested
@jet2tweets#jet2views,5.76E+17,Malbrierley,2015-03-13 17:03:55+00:00,0,1,,neutral,neutral,neutral,0,0,0,0,neutral,
@jet2tweets will give that a go,5.76E+17,ciarancregan,2015-03-13 16:10:39+00:00,0,0,,neutral,neutral,neutral,0,0,0,0,neutral,
@jet2tweets is apd refund for children actually working yet? cant see refund tab in manage bookng for ref 2LNWH4 2 kids on flight in may 15,5.76E+17,ciarancregan,2015-03-13 16:06:07+00:00,0,0,,neutral,negative,negative,0,-1,-1,-2,negative,contested
@jet2tweets £500 price increase for the same holiday in &lt; 48 hours? Bravo.,5.76E+17,mytsharp,2015-03-13 16:01:14+00:00,0,0,,negative,negative,negative,-1,-1,-1,-3,negative,
@jet2tweets thanks very much for your help,5.76E+17,cole_rawcliffe,2015-03-13 15:07:33+00:00,0,0,,positive,positive,positive,1,1,1,3,positive,
@jet2tweets #eclipse #win REM - Man on the Moon,5.76E+17,SpaceRach,2015-03-13 14:38:00+00:00,0,1,,neutral,neutral,neutral,0,0,0,0,neutral,
@jet2tweets midnight oil: Earth &amp; Sun &amp; Moon #eclipse2015,5.76E+17,PaulWard46,2015-03-13 14:32:57+00:00,0,0,,neutral,neutral,neutral,0,0,0,0,neutral,
@jet2tweets Elton John: Don't let the sun go down on me,5.76E+17,PaulWard46,2015-03-13 14:28:54+00:00,0,0,,neutral,neutral,neutral,0,0,0,0,neutral,
@jet2tweets just had an email about claiming children's APD refund but there is no refund tab to click in 'manage my booking' on your site,5.76E+17,cole_rawcliffe,2015-03-13 14:02:20+00:00,0,0,,neutral,negative,negative,0,-1,-1,-2,negative,contested
@jet2tweets sunshine by gabrielle #eclipse,5.76E+17,jane1346,2015-03-13 13:57:52+00:00,0,0,,neutral,neutral,neutral,0,0,0,0,neutral,
@jet2tweets One of my very favourites! :),5.76E+17,milyellex,2015-03-13 13:56:31+00:00,0,0,,positive,neutral,positive,1,0,1,2,positive,contested
@jet2tweets can't see the tab for APD refunds - not sure it's working.,5.76E+17,LDuddell,2015-03-13 13:25:54+00:00,0,0,,neutral,negative,negative,0,-1,-1,-2,negative,contested
@jet2tweets any idea why the flight from Budapest to Manchester is delayed?,5.76E+17,LauDanielleG,2015-03-13 12:28:51+00:00,0,0,,neutral,negative,negative,0,-1,-1,-2,negative,contested
@jet2tweets The Killing Moon - Echo &amp; The Bunnymen.,5.76E+17,milyellex,2015-03-13 12:08:53+00:00,0,1,,neutral,neutral,neutral,0,0,0,0,neutral,
@jet2tweets Don't let the SUN go down on me,5.76E+17,MattLaight,2015-03-13 12:00:29+00:00,1,0,,neutral,neutral,neutral,0,0,0,0,neutral,
@jet2tweets total eclipse of the heart,5.76E+17,piggypops123,2015-03-13 11:56:30+00:00,1,0,,neutral,neutral,neutral,0,0,0,0,neutral,
@jet2tweets the waterboys - the whole of the moon !!! #classic,5.76E+17,douglaseaston,2015-03-13 11:08:32+00:00,1,0,,neutral,neutral,neutral,0,0,0,0,neutral,
It has to be @jet2tweets The Beatles - Here comes the sun! https://www.youtube.com/watch?v=C5E_zXbmrlM #eclipse,5.76E+17,JimmyCorden,2015-03-13 11:01:20+00:00,0,0,,neutral,neutral,neutral,0,0,0,0,neutral,
@jet2tweets Total eclipse of the (sun) heart Bonny Tyler ,5.76E+17,raiofsunshine21,2015-03-13 10:57:23+00:00,0,0,,neutral,neutral,neutral,0,0,0,0,neutral,
@jet2tweets #eclipse light of the silvery moon Doris day/ morecambe &amp; wise ;),5.76E+17,MrsMaryalice,2015-03-13 10:57:20+00:00,0,0,,neutral,neutral,neutral,0,0,0,0,neutral,
@jet2tweets 'The Whole of The Moon' - The Waterboys.,5.76E+17,AndrewPovey,2015-03-13 10:53:54+00:00,0,1,,neutral,neutral,neutral,0,0,0,0,neutral,
"@jet2tweets Bruno Mars ""talking to the Moon""",5.76E+17,PaulWard46,2015-03-13 10:52:06+00:00,0,1,,neutral,neutral,neutral,0,0,0,0,neutral,
@jet2tweets The sun ain't gonna shine anymore.,5.76E+17,signsolutionsuk,2015-03-13 10:51:44+00:00,0,1,,neutral,neutral,neutral,0,0,0,0,neutral,
@jet2tweets Blinded By The Sun - The Seahorses,5.76E+17,RichardHurren,2015-03-13 10:49:39+00:00,0,1,,neutral,neutral,neutral,0,0,0,0,neutral,
@jet2tweets Bonnie Tyler Total Eclipse of the Heart,5.76E+17,PaulWard46,2015-03-13 10:42:30+00:00,1,0,,neutral,neutral,neutral,0,0,0,0,neutral,
@jet2tweets Frank Sinarta Fly Me To The Moon,5.76E+17,PaulWard46,2015-03-13 10:41:22+00:00,1,0,,neutral,neutral,neutral,0,0,0,0,neutral,
"@jet2tweets #eclipse "" The House of the Rising Sun "" The Animals",5.76E+17,aycliffesmoggie,2015-03-13 10:40:07+00:00,1,0,,neutral,neutral,neutral,0,0,0,0,neutral,
.@jet2tweets thanks! we are off to the Sorbas Basin to do some geoscience! Very efficient and rapid check-in today by the way! #GEESontour,5.76E+17,bedform,2015-03-13 09:03:55+00:00,0,1,,positive,positive,positive,1,1,1,3,positive,
@jet2tweets great first day skiing. Thanks for the safe flight over.,5.76E+17,jonathanspooner,2015-03-12 22:22:56+00:00,0,0,,positive,positive,positive,1,1,1,3,positive,
@jet2tweets @Dorothy_Perkins all done! #styleheroes ,5.76E+17,amplaur03,2015-03-12 14:37:41+00:00,0,0,,positive,neutral,positive,1,0,1,2,positive,contested
@jet2tweets when will the summer 16 holidays be released ?,5.76E+17,Sean_NUFC,2015-03-12 13:26:48+00:00,0,0,,neutral,neutral,neutral,0,0,0,0,neutral,
"@jet2tweets hi, when will be summer16 holidays released for sale ? thanks",5.76E+17,Sean_NUFC,2015-03-12 13:19:48+00:00,0,0,,neutral,neutral,neutral,0,0,0,0,neutral,
@jet2tweets @Dorothy_Perkins amazing ! I love Ibiza!!,5.76E+17,powie82,2015-03-12 12:36:42+00:00,0,0,,positive,neutral,neutral,1,0,0,1,neutral,contested
@jet2tweets @Dorothy_Perkins following &amp; RT #styleheros,5.76E+17,MyersDeirdre,2015-03-12 12:11:46+00:00,0,0,,neutral,neutral,neutral,0,0,0,0,neutral,
@jet2tweets @Dorothy_Perkins #styleheros following &amp; RT,5.76E+17,MyersDeirdre,2015-03-12 12:11:01+00:00,0,0,,neutral,neutral,neutral,0,0,0,0,neutral,
@jet2tweets: Thursday! #Win a 5* holiday &amp; a £250 giftcard with @Dorothy_Perkins http://bit.ly/1zSkhqI #styleheroes,5.76E+17,RTweetie5,2015-03-12 09:57:29+00:00,0,0,,neutral,neutral,neutral,0,0,0,0,neutral,
"@jet2tweets: Thursday! #Win a 5* holiday &amp; a £250 giftcard with @Dorothy_Perkins http://bit.ly/1zSkhqI #styleheroes """,5.76E+17,RTweetie5,2015-03-12 09:57:19+00:00,0,0,,neutral,neutral,neutral,0,0,0,0,neutral,
@jet2tweets @Dorothy_Perkins #Win #styleheroes,5.76E+17,RTweetie5,2015-03-12 09:56:20+00:00,0,0,,neutral,neutral,neutral,0,0,0,0,neutral,
@jet2tweets any plans to fly manchester to granada??,5.76E+17,Mcr_to_granada,2015-03-11 16:25:31+00:00,0,0,,neutral,neutral,neutral,0,0,0,0,neutral,
@jet2tweets maybe it's something you should look into so people can budget? Thanks for the reply,5.76E+17,LauraKennan,2015-03-11 15:13:27+00:00,0,0,,neutral,neutral,neutral,0,0,0,0,neutral,
"@jet2tweets Hey guys, what trips do you do in Santa Ponsa?",5.76E+17,LauraKennan,2015-03-11 11:14:37+00:00,0,0,,neutral,neutral,neutral,0,0,0,0,neutral,
@jet2tweets cheers for putting the phone down on me! much appreciated! ,5.76E+17,Jamieb2306,2015-03-11 10:31:39+00:00,0,0,,negative,negative,negative,-1,-1,-1,-3,negative,
@jet2tweets have disappointed me big time! Will never be booking with them again and will encourage others not to!! #Poorcustomerservice,5.75E+17,KStobox,2015-03-10 22:32:03+00:00,0,0,,negative,negative,negative,-1,-1,-1,-3,negative,
"@jet2tweets hi, flying to Tenerife on 7/4/15 (cheeky last minute internet deal!! ) when should I check in online? Thanks",5.75E+17,elaine_p,2015-03-10 21:20:32+00:00,0,0,,neutral,neutral,neutral,0,0,0,0,neutral,
@jet2tweets thanks I have sent u a DM,5.75E+17,laura_hakami,2015-03-10 20:29:02+00:00,0,0,,neutral,neutral,neutral,0,0,0,0,neutral,
@jet2tweets why have I been charged for paying by debit card?,5.75E+17,laura_hakami,2015-03-10 20:21:59+00:00,0,0,,negative,negative,negative,-1,-1,-1,-3,negative,
@jet2tweets B757-21B G-LSAH on push back at Manchester Airport (MAN/EGCC). #avgeek #Avporn #aviation… https://instagram.com/p/0DlAd4hlZI/,5.75E+17,AviationEagle32,2015-03-10 17:41:25+00:00,0,0,,neutral,neutral,neutral,0,0,0,0,neutral,
@jet2tweets working now but.. flight yest £143 - Flight today £158 - 10% discount today flight £143 so you just put price up #cheapmarketing,5.75E+17,iamprincessjan,2015-03-10 12:46:50+00:00,0,0,,negative,negative,negative,-1,-1,-1,-3,negative,
"@jet2tweets Joe, Kirsty, Sarah your website is down - trying to book flights while the 10% discount is on.... #help",5.75E+17,iamprincessjan,2015-03-10 09:42:32+00:00,0,0,,negative,neutral,negative,-1,0,-1,-2,negative,contested
@jet2tweets good morning guys!,5.75E+17,CityDwellerMag,2015-03-10 08:11:33+00:00,0,0,,neutral,neutral,positive,0,0,1,1,neutral,contested
"@jet2tweets Manchester to Malaga on flight LS809. Fantastic staff, credit to them and amazing customer service. Highly recommended. #Jet2",5.75E+17,deborahericab,2015-03-09 22:57:09+00:00,0,0,,positive,positive,positive,1,1,1,3,positive,
@jet2tweets Amazing cust service tonight! Special thanks to Fozia in after sales and apologies I don't know the lovely lady in sales name! X,5.75E+17,TamsynCaine,2015-03-09 20:39:12+00:00,0,0,,positive,positive,positive,1,1,1,3,positive,
@jet2tweets can I ask why you don't deliver lost baggage in prague? Now we have to pay about £40 in a taxi to get our lost luggage back!!,5.75E+17,samcantfindit,2015-03-09 20:35:32+00:00,0,1,,negative,negative,negative,-1,-1,-1,-3,negative,
@jet2tweets thank you,5.75E+17,love2holliday,2015-03-09 18:13:51+00:00,0,0,,positive,neutral,positive,1,0,1,2,positive,contested
@jet2tweets just to clarify does the seat &amp; pushchair have to total 10kg or is that each?,5.75E+17,love2holliday,2015-03-09 18:05:09+00:00,0,0,,neutral,neutral,neutral,0,0,0,0,neutral,
@jet2tweets that's brill! Thank you. So I will also be able to take my 5year olds car seat?,5.75E+17,love2holliday,2015-03-09 17:25:21+00:00,0,0,,neutral,neutral,positive,0,0,1,1,neutral,contested
@jet2tweets I'm looking at booking flights but can't see anything on your site about pushchair &amp; car seat allowance How much extra is it?,5.75E+17,love2holliday,2015-03-09 16:37:49+00:00,0,0,,neutral,neutral,neutral,0,0,0,0,neutral,
@jet2tweets could you follow me please. Thanks ,5.75E+17,loradaniellex,2015-03-09 15:35:15+00:00,0,0,,neutral,neutral,neutral,0,0,0,0,neutral,
@jet2tweets how do you get an extension on your payment due date? Thanks.,5.75E+17,loradaniellex,2015-03-09 14:49:43+00:00,0,0,,neutral,neutral,neutral,0,0,0,0,neutral,
@jet2tweets at the @Dunas Mirador Maspalomas. #GranCanaria,5.75E+17,RichardHurren,2015-03-09 14:26:00+00:00,0,0,,neutral,neutral,neutral,0,0,0,0,neutral,
@jet2tweets can u follow me please so I can dm ?,5.75E+17,xxp3rf3ct1onxx,2015-03-09 14:01:21+00:00,0,0,,neutral,neutral,neutral,0,0,0,0,neutral,
@jet2tweets @1025Clyde1 is there any update on when I'll get a call? Need to sort holidays out with work nobody called on the 5th thanks x,5.75E+17,xxp3rf3ct1onxx,2015-03-09 12:52:52+00:00,0,0,,negative,negative,negative,-1,-1,-1,-3,negative,
@jet2tweets with 2 kiddys I doubt a book will work I'll be fine I'll visit the doctor before hand xxx,5.75E+17,xxalibobxx,2015-03-09 12:30:18+00:00,0,0,,negative,neutral,neutral,-1,0,0,-1,neutral,contested
@jet2tweets done my 1st time booking with you and Adam has made a good 1st impression ,5.75E+17,kittycatlitter,2015-03-09 10:13:41+00:00,0,0,,positive,positive,positive,1,1,1,3,positive,
"@jet2tweets just spoke to an Adam in your call centre, an absolute diamond, his customer service is 2nd to none, definitely a keeper ;))",5.75E+17,kittycatlitter,2015-03-09 09:17:28+00:00,0,0,,positive,positive,positive,1,1,1,3,positive,
@jet2tweets @SalfordDevils thanks for the message to Salford Red Devils they were fantastic from the fans,5.75E+17,kjshenton,2015-03-08 20:32:04+00:00,0,0,,positive,positive,positive,1,1,1,3,positive,
@jet2tweets Flight home from Lanzarote #greatairline,5.74E+17,briangeehx,2015-03-07 09:06:21+00:00,0,0,,positive,positive,positive,1,1,1,3,positive,
@jet2tweets nearly time to go to Spain your the best aeroplanes I have been on comfy seats can't wait to fly with you again xx,5.74E+17,HoulstonHarry,2015-03-06 21:23:14+00:00,0,1,,positive,positive,positive,1,1,1,3,positive,
"@jet2tweets I know that Kirsty, thats the problem.Other airlines don't need physical boarding passes, it's a waste of paper &amp; seems archaic!",5.74E+17,KRDCEO,2015-03-06 19:55:13+00:00,0,0,,negative,negative,negative,-1,-1,-1,-3,negative,
@jet2tweets app is so inferior to @easyJet &amp; @Ryanair! Why can't I download my boarding passes to my phone?Are we still in the 20th Century?,5.74E+17,KRDCEO,2015-03-06 19:22:03+00:00,0,0,,negative,negative,negative,-1,-1,-1,-3,negative,
@jet2tweets Do you really think it's ok to promote somewhere that keeps dolphins and orcas in captivity? Shame on you!,5.74E+17,jetd10_janey,2015-03-06 17:08:36+00:00,0,0,,negative,negative,negative,-1,-1,-1,-3,negative,
@jet2tweets hotel puen tell real Costa del sol two weeks in June,5.74E+17,raysbandit6,2015-03-06 08:45:32+00:00,0,0,,neutral,neutral,neutral,0,0,0,0,neutral,
"@jet2tweets Hi, is your online chat for pre travel services not working today? I can't seem to find it",5.74E+17,Absss1,2015-03-06 08:36:49+00:00,0,0,,neutral,negative,negative,0,-1,-1,-2,negative,contested
@jet2tweets looking forward to another great holiday with you again this year,5.74E+17,raysbandit6,2015-03-06 08:33:17+00:00,0,0,,positive,positive,positive,1,1,1,3,positive,
"@jet2tweets pretty much yeah, my brother lives out there so he has a few rides out planned.",5.73E+17,Deanpriestley,2015-03-05 15:00:11+00:00,0,0,,neutral,neutral,neutral,0,0,0,0,neutral,
@jet2tweets how can a flight that was £162 last night be £298 today???? Absolute piss take.,5.73E+17,IanB1987,2015-03-05 12:08:26+00:00,0,0,,negative,negative,negative,-1,-1,-1,-3,negative,
@jet2tweets of course go for it! :-),5.73E+17,NadiaShahanaz,2015-03-05 11:22:07+00:00,0,0,,positive,neutral,positive,1,0,1,2,positive,contested
"@jet2tweets this day just gets better , paid for extra legroom seats , you having a laugh ",5.73E+17,linksstrathaven,2015-03-05 09:12:17+00:00,0,0,,negative,negative,negative,-1,-1,-1,-3,negative,
@jet2tweets just booked a holiday and put in payment details but when I sent them through I was returned to homepage. Booked or not?,5.73E+17,AnnaAllchurch,2015-03-04 21:28:47+00:00,0,0,,neutral,negative,negative,0,-1,-1,-2,negative,contested
@jet2tweets will be in #Greece in May so will probably have #wanderlust fever by #summer!! #travelplanning,5.73E+17,NadiaShahanaz,2015-03-04 20:27:42+00:00,0,0,,neutral,neutral,positive,0,0,1,1,neutral,contested
Thanks @jet2tweets the staff were great &amp; we even got free checked luggage both ways! Next stop #Madeira for the #summer!,5.73E+17,NadiaShahanaz,2015-03-04 19:35:57+00:00,0,0,,positive,positive,positive,1,1,1,3,positive,
@jet2tweets wont be long now but wont be flying from here any more ,5.73E+17,Malbrierley,2015-03-04 18:32:52+00:00,0,1,,negative,negative,negative,-1,-1,-1,-3,negative,
"@jet2tweets Had a great time thank you, I couldn't get a RT of my post? Next flight with you is in June to Palma, another #Jet2view ",5.73E+17,Jetsetkirky90,2015-03-04 17:29:15+00:00,0,0,,neutral,neutral,positive,0,0,1,1,neutral,contested
@jet2tweets #Jet2view My view on the way to Geneva on Saturday morning ,5.73E+17,Jetsetkirky90,2015-03-04 17:10:07+00:00,1,2,,neutral,neutral,positive,0,0,1,1,neutral,contested
@jet2tweets am gonna belemadena,5.73E+17,HoulstonHarry,2015-03-04 16:28:22+00:00,0,0,,neutral,neutral,neutral,0,0,0,0,neutral,
@jet2tweets after two online chat's that they ended for some reason &amp; the last one on help. why the change of flight times?,5.73E+17,DavidCLumb1,2015-03-04 15:18:55+00:00,0,0,,negative,negative,negative,-1,-1,-1,-3,negative,
@jet2tweets brilliant Kirsty thanks so much for the update ! X,5.73E+17,xxp3rf3ct1onxx,2015-03-04 14:15:08+00:00,0,0,,positive,positive,positive,1,1,1,3,positive,
@jet2tweets I hope so! I loved them last tome,5.73E+17,dxnn91,2015-03-04 13:40:47+00:00,0,0,,positive,positive,positive,1,1,1,3,positive,
@jet2tweets thanks Kirsty! With Clyde1 it was the 4* holiday to paphos just awaiting the details from jet2 xx,5.73E+17,xxp3rf3ct1onxx,2015-03-04 13:38:52+00:00,0,0,,positive,neutral,positive,1,0,1,2,positive,contested
@jet2tweets is this to Amsterdam too?!,5.73E+17,dxnn91,2015-03-04 12:51:42+00:00,0,0,,neutral,neutral,neutral,0,0,0,0,neutral,
@jet2tweets big family all incl ibiza In June but need a last minute cheapy for September,5.73E+17,chozzy1,2015-03-04 12:03:58+00:00,0,0,,neutral,neutral,neutral,0,0,0,0,neutral,
@jet2tweets does it?? Can I ask if I'll be able to get a toastie on board,5.73E+17,dxnn91,2015-03-04 10:35:43+00:00,0,0,,neutral,neutral,neutral,0,0,0,0,neutral,
"@jet2tweets I love the build up to going on holiday, the planning, packing and arriving at the airport with the kids shaking with excitement",5.73E+17,chozzy1,2015-03-04 09:03:12+00:00,0,0,,positive,neutral,positive,1,0,1,2,positive,contested
@jet2tweets flying with you in June to Malaga for a Hen Weekend #excited,5.73E+17,lush_lady_lumps,2015-03-04 08:58:24+00:00,0,0,,positive,positive,positive,1,1,1,3,positive,
"@jet2tweets I've never been before, ready panicking about how to get to and from the venue!",5.73E+17,dxnn91,2015-03-04 08:47:34+00:00,0,0,,neutral,neutral,negative,0,0,-1,-1,neutral,contested
"@jet2tweets I'm going to see Katy Perry in Amsterdam on Tuesday, going the Monday and flying at 4:30 I think. SO EXCITED",5.73E+17,dxnn91,2015-03-04 08:24:30+00:00,0,0,,positive,neutral,positive,1,0,1,2,positive,contested
@jet2tweets Thanks for getting back to me. I forgot to say that the flights were for Feb 2016. Could you help please?,5.73E+17,Rudds77,2015-03-04 08:21:31+00:00,0,0,,neutral,neutral,neutral,0,0,0,0,neutral,
@jet2tweets the walk to the bar #timelesszone,5.73E+17,katiedotbbb,2015-03-04 08:14:37+00:00,0,0,,neutral,neutral,neutral,0,0,0,0,neutral,
@jet2tweets getting off the plane &amp; the heat hitting your face #holidays,5.73E+17,lush_lady_lumps,2015-03-04 08:09:49+00:00,0,0,,neutral,neutral,neutral,0,0,0,0,neutral,
@jet2tweets airport lounge with @airportangel which I'll be visiting Monday! #excited,5.73E+17,dxnn91,2015-03-04 08:02:42+00:00,0,0,,positive,neutral,positive,1,0,1,2,positive,contested
@jet2tweets will be flying with you in July can't wait gonna spain fir a month,5.73E+17,HoulstonHarry,2015-03-03 21:26:52+00:00,0,0,,positive,neutral,positive,1,0,1,2,positive,contested
"@jet2tweets Hello, can you please advise as to when your flights from Newcastle to Malta will be appearing online?",5.73E+17,Rudds77,2015-03-03 21:24:57+00:00,0,0,,neutral,neutral,neutral,0,0,0,0,neutral,
@jet2tweets fuck #traveltuesday. I would rather by coffee from a tax avoiding conglomerate with no shame @StarbucksUK than fly with you,5.73E+17,seehowweare,2015-03-03 20:24:58+00:00,0,0,,negative,negative,negative,-1,-1,-1,-3,negative,
@jet2tweets My father then flew with you 5 months later after i did and was delayed 7 hours and again his claim was rejected. DISGRACE,5.73E+17,seehowweare,2015-03-03 20:13:35+00:00,0,0,,negative,negative,negative,-1,-1,-1,-3,negative,
"@jet2tweets Noone should ever fly with you, disgrace of an airline, disgrace of a company. Disgraceful to wronged customers.",5.73E+17,seehowweare,2015-03-03 20:12:29+00:00,0,0,,negative,negative,negative,-1,-1,-1,-3,negative,
"@jet2tweets Nowhere with you, i don't want to he delayed 4 hours outward and 3 hours return and have my claim rejected because you are shit!",5.73E+17,seehowweare,2015-03-03 20:11:33+00:00,0,0,,negative,negative,negative,-1,-1,-1,-3,negative,
"@jet2tweets - #Corfu was my 1st Greek island, I wouldn't go bk to #Zante &amp; will report back on #Kefalonia in July. How about #Preveza?",5.73E+17,Kazt2006,2015-03-03 20:01:13+00:00,0,0,,neutral,neutral,neutral,0,0,0,0,neutral,
@jet2tweets guys is there an issue with the jet2holidays website? Can't get past the page that searches for results on any of my devices. ,5.73E+17,bigdoigy,2015-03-03 19:30:53+00:00,0,0,,negative,negative,negative,-1,-1,-1,-3,negative,
@jet2tweets: #TravelTuesday - I would say Santorini or Mykonos but guess it will have to be Crete or Rhodes if flying #Jet2! :-),5.73E+17,Kazt2006,2015-03-03 19:05:48+00:00,0,0,,neutral,neutral,neutral,0,0,0,0,neutral,
@jet2tweets I love Kraków! Even when it's cold. Beautiful city.,5.73E+17,hsmart54,2015-03-03 18:32:58+00:00,0,0,,neutral,neutral,positive,0,0,1,1,neutral,contested
@jet2tweets I have dm you thanks,5.73E+17,princessrisi,2015-03-03 17:39:15+00:00,0,0,,neutral,neutral,neutral,0,0,0,0,neutral,
@jet2tweets How come your team rarely reply to group requests?! Or do you just ignore agents?! #Shabbywork,5.73E+17,emilycrosbie91,2015-03-03 16:01:21+00:00,0,0,,negative,negative,negative,-1,-1,-1,-3,negative,
"@jet2tweets Hello, how long does a reply from your competitions team take please?",5.73E+17,JimmyRiding_,2015-03-03 15:58:28+00:00,0,0,,neutral,negative,neutral,0,-1,0,-1,neutral,contested
@jet2tweets this response is not good enough. How do I make a formal complaint?,5.73E+17,jo_wads,2015-03-03 14:58:21+00:00,0,0,,negative,negative,negative,-1,-1,-1,-3,negative,
@jet2tweets over an hour standing in line for security #tenerifesurairport . No explanation - unacceptable ,5.73E+17,CJMacM,2015-03-03 13:16:52+00:00,0,0,,negative,negative,negative,-1,-1,-1,-3,negative,
@jet2tweets thank you Sarah,5.73E+17,Suzi_McC,2015-03-03 11:18:29+00:00,0,0,,positive,neutral,positive,1,0,1,2,positive,contested
@jet2tweets Good news for us Scottish travellers.,5.73E+17,Bairdtravels,2015-03-03 11:08:05+00:00,0,0,,positive,neutral,positive,1,0,1,2,positive,contested
@jet2tweets Morning - How s your flights from Glasgow going. Never really hear of anyone using Jet 2,5.73E+17,Bairdtravels,2015-03-03 10:03:21+00:00,0,0,,neutral,negative,neutral,0,-1,0,-1,neutral,contested
@jet2tweets looking forward to our flight with you in june to ibiza..never flown with you before,5.73E+17,redraff,2015-03-03 08:32:18+00:00,0,0,,neutral,positive,positive,0,1,1,2,positive,contested
"@jet2tweets do you have any free child places available for Med Palace/Parque de la Paz, Tenerife in May plz? He'll just have turned 2 thanx",5.73E+17,Suzi_McC,2015-03-02 21:40:09+00:00,0,0,,neutral,neutral,neutral,0,0,0,0,neutral,
"7 nights S/C Globales Tamaimo Tropical, @BelfastAirport, 13/3 from £379pp (4 sharing) http://bit.ly/1vT46gn #deals",5.72E+17,jet2tweets,2015-03-02 16:02:26+00:00,0,1,,neutral,neutral,neutral,0,0,0,0,neutral,
@jet2tweets flight only. The exact same thing happened to my sister who was booking the outward flights,5.72E+17,leebee624,2015-03-02 09:48:53+00:00,0,0,,neutral,neutral,negative,0,0,-1,-1,neutral,contested
"@jet2tweets After eight weeks and no compensation, my refund letter ends, ""we welcome you onboard again soon"" That's a joke I guess...",5.72E+17,ResponsePink,2015-03-02 09:10:40+00:00,0,0,,negative,negative,negative,-1,-1,-1,-3,negative,
@jet2tweets how can I check in online when your website keeps crashing out aghhhh,5.72E+17,hpatterson91,2015-03-02 08:37:41+00:00,0,0,,negative,negative,negative,-1,-1,-1,-3,negative,
@jet2tweets Hiyaaaa!,5.72E+17,ChamberyAirport,2015-03-02 08:06:35+00:00,0,0,,neutral,neutral,neutral,0,0,0,0,neutral,
@jet2tweets Jet2 at it again -site crashing on checkout then increasing the prices as you go to rebook #nothappy,5.72E+17,leebee624,2015-03-01 20:18:49+00:00,0,0,,negative,negative,negative,-1,-1,-1,-3,negative,
@jet2tweets Moortown RUFC U13's Tour Campaign #crowdfunding @fundrazr Support and Retweet http://fnd.us/c/7ww5f,5.72E+17,JLK27K,2015-03-01 19:00:09+00:00,0,0,,neutral,neutral,neutral,0,0,0,0,neutral,
@jet2tweets Ooh are you coming to visit us?,5.72E+17,ChamberyAirport,2015-03-01 16:43:23+00:00,0,0,,neutral,neutral,neutral,0,0,0,0,neutral,
@jet2tweets been waiting over 40 minuets for someone to answer a phone !!!,5.72E+17,CraigStephenso,2015-03-01 14:52:23+00:00,0,0,,negative,negative,negative,-1,-1,-1,-3,negative,
@jet2tweets what is the maximum amount of time you will keep us on the plane before offloading #jet2,5.72E+17,MarkHill79,2015-03-01 13:31:25+00:00,0,0,,negative,negative,negative,-1,-1,-1,-3,negative,
@jet2tweets trying to print boarding passes. Check in complete,5.72E+17,Alex14ander,2015-03-01 13:06:26+00:00,0,0,,neutral,neutral,neutral,0,0,0,0,neutral,
@jet2tweets Thanks but we watched the same aircraft type as the one we're sitting on just take off.,5.72E+17,jonathan626537,2015-03-01 12:41:49+00:00,0,0,,negative,neutral,negative,-1,0,-1,-2,negative,contested
@jet2tweets THANKS ADAM!!! :) @NBlareau first holiday payment done!!! OMG 125 days till MALTA!!!!,5.72E+17,The_Inness,2015-03-01 12:38:51+00:00,0,0,,positive,positive,positive,1,1,1,3,positive,
@jet2tweets the reference number is 1619081/S15H flying from leeds to Malta should I hang up btw?,5.72E+17,The_Inness,2015-03-01 12:19:56+00:00,0,0,,neutral,neutral,neutral,0,0,0,0,neutral,
@jet2tweets 40 minutes now ...,5.72E+17,The_Inness,2015-03-01 12:18:22+00:00,0,0,,neutral,negative,negative,0,-1,-1,-2,negative,contested
@jet2tweets a number that isn't free I might add,5.72E+17,The_Inness,2015-03-01 12:18:07+00:00,0,0,,negative,negative,negative,-1,-1,-1,-3,negative,
@jet2tweets I made a payment online and I got a notification saying that there was a problem with payment but don't retry but ring the No,5.72E+17,The_Inness,2015-03-01 12:17:42+00:00,0,0,,negative,negative,negative,-1,-1,-1,-3,negative,
@jet2tweets awwww please someone answer the phone!!!! 30 minutes plus to try .... just want to see if my holiday payment has gone through ..,5.72E+17,The_Inness,2015-03-01 12:16:02+00:00,0,0,,negative,negative,negative,-1,-1,-1,-3,negative,
@jet2tweets is it normal to be on hold for 30 minutes ... bored of jet2 radio now :(,5.72E+17,The_Inness,2015-03-01 12:11:33+00:00,0,0,,negative,negative,negative,-1,-1,-1,-3,negative,
@jet2tweets @MAnyfant Looks like both Jet2 flights have missed their slots so we could be here for a long time.,5.72E+17,jonathan626537,2015-03-01 11:42:59+00:00,0,0,,negative,negative,negative,-1,-1,-1,-3,negative,
@jet2tweets great news. Thanks Waseem.,5.72E+17,mccamleydesign,2015-03-01 11:12:14+00:00,0,0,,positive,positive,positive,1,1,1,3,positive,
@jet2tweets thanks but we have no info here on what's going on or when we might depart. All other flights are landing and taking off!,5.72E+17,MAnyfant,2015-03-01 10:56:34+00:00,0,0,,negative,negative,negative,-1,-1,-1,-3,negative,
"@jet2tweets waiting at Chambery airport for EMA flight to board, but delayed due to wind? All other flights boarding &amp; taking off. Seems odd",5.72E+17,MAnyfant,2015-03-01 10:28:48+00:00,0,0,,negative,negative,negative,-1,-1,-1,-3,negative,
@jet2tweets is there any plans to release a proper working app for iPhone?,5.72E+17,mccamleydesign,2015-03-01 09:08:55+00:00,0,0,,neutral,negative,negative,0,-1,-1,-2,negative,contested
