text,tweet_id,name,tweet_created,retweet_count,favourites_count,tweet_coordinates,tweet_sentiment,tweet_sentiment_GAH,tweet_sentiment_OKL,DM_Score,GH_Score,OL_score,sum,airline_sentiment,Contested
@RoyalCaribbean Liberty of the Seas #cruise #travel #cruising #ttot,5.65E+17,eCruiseGuide,2015-02-09 22:20:31+00:00,0,2,,neutral,neutral,neutral,0,0,0,0,neutral,
@RoyalCaribbean Brilliance! We've cruised RCI often but this will be our first time on her. So excited. :),5.65E+17,lisah,2015-02-09 22:02:03+00:00,0,0,,positive,positive,positive,1,1,1,3,positive,
@RoyalCaribbean Wanted to give a huge shoutout to Matica on the Independence while waiting for our surveys. She totally made our cruise! :),5.65E+17,Pensive_Shadows,2015-02-09 22:01:21+00:00,0,0,,positive,positive,positive,1,1,1,3,positive,
@RoyalCaribbean Sail away on Independence will be celebration for us #valentinesdayatsea,5.65E+17,ken_halpern,2015-02-09 21:59:28+00:00,0,0,,positive,positive,positive,1,1,1,3,positive,
@RoyalCaribbean recognized us with their highest honor - Chairman's Award. Thanks @RoyalCaribbean! http://tinyurl.com/k7qb8th #LoyaltoRoyal,5.65E+17,WTH_Inc,2015-02-09 21:56:46+00:00,0,0,,positive,positive,positive,1,1,1,3,positive,
"@RoyalCaribbean Traveling w my new fiancé at end of month, but disappointed u don't offer engagement packages.",5.65E+17,68PonyCB,2015-02-09 21:53:55+00:00,0,0,,negative,negative,negative,-1,-1,-1,-3,negative,
@RoyalCaribbean Looking forward to doing a great show tonight on an amazing ship QUANTUM of the SEAS #comedymusic,5.65E+17,johnjosephcomic,2015-02-09 21:50:57+00:00,0,0,,positive,positive,positive,1,1,1,3,positive,
@RoyalCaribbean - Valentine's Day Sale ---&gt; http://sdozier.cruisesinc.com/travel/promotion/royal-caribbean-cruises.do #ValentinesDay #sweetheartweek #Romantic #Getaway #FamilyTravel #OBC,5.65E+17,SLATEvacations,2015-02-09 21:50:49+00:00,0,0,,neutral,neutral,positive,0,0,1,1,neutral,contested
"@RoyalCaribbean Actually, we are! Dinner at Izumi's Saturday night. Can't wait!",5.65E+17,lisah,2015-02-09 21:49:57+00:00,0,1,,positive,positive,positive,1,1,1,3,positive,
@RoyalCaribbean Couple more weeks and its on!!!,5.65E+17,BJLaVallis,2015-02-09 21:39:28+00:00,0,0,,positive,positive,positive,1,1,1,3,positive,
@RoyalCaribbean can you confirm that Oasis 3 will be named Harmony of the Seas as Captain Trym on Oasis announced today,5.65E+17,kchrenos,2015-02-09 20:12:49+00:00,0,1,,neutral,neutral,neutral,0,0,0,0,neutral,
@RoyalCaribbean we will see...there is only that tiny matter of time and money lol,5.65E+17,davidtrolfe,2015-02-09 19:51:19+00:00,0,1,,neutral,neutral,neutral,0,0,0,0,neutral,
"@RoyalCaribbean I tried and they're no help. Your system won't accept my reservation for a dinner. Told to re-do it, but time is gone! Ugh!",5.65E+17,ChrisArnold33,2015-02-09 19:40:57+00:00,0,0,,negative,negative,negative,-1,-1,-1,-3,negative,
@RoyalCaribbean enough with the snow already!! I'd rather be cruising! #ratherbecruising,5.65E+17,Roe__Boat,2015-02-09 19:32:37+00:00,0,0,,positive,negative,positive,1,-1,1,1,neutral,contested
@RoyalCaribbean Nuevo informe de CONAE! RT por favor! Gracias!! NO PERDAMOS TIEMPO! Contacto @ElTunante2,5.65E+17,NlidaLassalle,2015-02-09 18:29:03+00:00,2,0,,negative,negative,negative,-1,-1,-1,-3,negative,
@RoyalCaribbean What's the timeline on email support? You sent me an automated reply 5 days ago saying you'll get to it when you get to it.,5.65E+17,TheMasterplan79,2015-02-09 07:42:18+00:00,0,0,,negative,negative,negative,-1,-1,-1,-3,negative,
@RoyalCaribbean RT por favor! Gracias!! #VamosPorLosTunantesSigamosPorTodos Contacto @ElTunante2,5.65E+17,balauja,2015-02-09 01:37:18+00:00,2,0,,neutral,neutral,neutral,0,0,0,0,neutral,
@RoyalCaribbean thanks for your help with my grandma when she got real sick. We will definitely cruise with you again!,5.65E+17,c_chim,2015-02-08 23:55:43+00:00,0,0,,positive,positive,positive,1,1,1,3,positive,
@RoyalCaribbean RT por favor! Gracias!! #VamosPorLosTunantesSigamosPorTodos Contacto @ElTunante2,5.65E+17,ClauCerfoglio,2015-02-08 22:34:11+00:00,0,0,,neutral,neutral,neutral,0,0,0,0,neutral,
@RoyalCaribbean thank you,5.65E+17,Babychan,2015-02-08 21:37:49+00:00,0,0,,positive,positive,positive,1,1,1,3,positive,
@RoyalCaribbean best company,5.65E+17,tonyclark1265,2015-02-08 21:10:24+00:00,0,1,,positive,positive,positive,1,1,1,3,positive,
@RoyalCaribbean I had entered all my CC information to pay and was then timed out I suspect .,5.65E+17,Ivyprofessor,2015-02-08 20:39:50+00:00,0,0,,neutral,negative,negative,0,-1,-1,-2,negative,contested
@RoyalCaribbean And the connecting reservations couldn't be added for my sisters cabin either and she had the same problem .,5.65E+17,Ivyprofessor,2015-02-08 20:38:57+00:00,0,0,,negative,negative,negative,-1,-1,-1,-3,negative,
@RoyalCaribbean Every speciality restaurant I booked was gone 2day after I sp/w sum1 last night who said they could see the reservations.,5.65E+17,Ivyprofessor,2015-02-08 20:38:02+00:00,0,0,,negative,negative,negative,-1,-1,-1,-3,negative,
@RoyalCaribbean Shout out 2Aaron that took care of me 2day.There's no reason I should have 2 call after spending 2 hrs online.DD has issues.,5.65E+17,Ivyprofessor,2015-02-08 20:36:05+00:00,0,0,,neutral,positive,positive,0,1,1,2,positive,contested
@RoyalCaribbean trying to book restaurants and shows and website keeps hanging or says credit card error. Yet it doesn't ask for card?,5.65E+17,ChrisArnold33,2015-02-08 20:35:21+00:00,0,0,,negative,negative,negative,-1,-1,-1,-3,negative,
@RoyalCaribbean do you have a number in the UK please,5.65E+17,Babychan,2015-02-08 20:20:45+00:00,0,0,,neutral,neutral,neutral,0,0,0,0,neutral,
@RoyalCaribbean Thanks for the info will keep checking!,5.65E+17,willz1253,2015-02-08 20:13:05+00:00,0,0,,neutral,positive,positive,0,1,1,2,positive,contested
@RoyalCaribbean RT por favor! Gracias!! #VamosPorLosTunantesSigamosPorTodos Contacto @ElTunante2,5.65E+17,Nanda19996,2015-02-08 19:42:14+00:00,1,0,,neutral,positive,neutral,0,1,0,1,neutral,contested
@RoyalCaribbean RT por favor! Gracias!! #VamosPorLosTunantesSigamosPorTodos Contacto @ElTunante2,5.65E+17,ElTunante2,2015-02-08 19:36:26+00:00,0,0,,neutral,neutral,neutral,0,0,0,0,neutral,
@RoyalCaribbean got me sitting in my room for over an hour waiting for assistance,5.64E+17,KID_HMK,2015-02-08 18:53:25+00:00,0,0,,negative,negative,negative,-1,-1,-1,-3,negative,
@RoyalCaribbean I guess our experience still does not matter to you! We still have heard nothing from you. Extremely disappointed,5.64E+17,walkerfamilyca,2015-02-08 18:31:23+00:00,0,0,,negative,negative,negative,-1,-1,-1,-3,negative,
@RoyalCaribbean @thetexastenors Have a great time! Love the Royal Caribbean ships!,5.64E+17,JenniferKowatch,2015-02-08 17:29:59+00:00,0,1,,positive,positive,positive,1,1,1,3,positive,
@RoyalCaribbean @thetexastenors have a great time find some time for yourself I know you guys going to do a great job,5.64E+17,liz08rosie06,2015-02-08 17:24:25+00:00,0,0,,positive,neutral,positive,1,0,1,2,positive,contested
@RoyalCaribbean has the float out of #anthemoftheseas happened today?,5.64E+17,helenslakin,2015-02-08 17:13:08+00:00,0,0,,neutral,neutral,neutral,0,0,0,0,neutral,
"@RoyalCaribbean Cruising on 2/13 on @Enchantmentofseas &amp; I wonder if you have some tips? My wife &amp; I are sailing on same ship,17yrs later!",5.64E+17,beare00s,2015-02-08 16:45:53+00:00,0,0,,neutral,neutral,neutral,0,0,0,0,neutral,
"@RoyalCaribbean begin construction on 4th #Oasisclass cruise ship, complete refit on #FreedomoftheSeas. #cruisenews http://www.cruisearabiaonline.com/News/2015/02/08/Royal-Caribbean-begin-construction-of-fourth-Oasis-class-ship-as-Freedom-of-the-Seas-comp",5.64E+17,CruiseArabia,2015-02-08 14:04:28+00:00,0,0,,neutral,neutral,neutral,0,0,0,0,neutral,
@RoyalCaribbean who is the cruise director on independence April 5 out of Fort Laud?? better be someone #awesome,5.64E+17,candishweet,2015-02-08 13:57:28+00:00,0,0,,neutral,neutral,positive,0,0,1,1,neutral,contested
@RoyalCaribbean Everything!! ,5.64E+17,AutismAtThePark,2015-02-08 13:44:57+00:00,0,0,,positive,neutral,positive,1,0,1,2,positive,contested
@RoyalCaribbean when is the anthem scheduled to leave Mayer werft today and is there a link I can watch the float out. Booked on it 1st June,5.64E+17,martinkelly84,2015-02-08 12:29:19+00:00,0,0,,neutral,neutral,neutral,0,0,0,0,neutral,
@RoyalCaribbean Do you know what time the float out for Anthem of the Seas is today? Will it be available to watch online?,5.64E+17,willz1253,2015-02-08 12:12:01+00:00,0,2,,neutral,neutral,neutral,0,0,0,0,neutral,
@RoyalCaribbean I am trying to book the character breakfast on the Allure but it keeps charging for children when they are free. Please help,5.64E+17,Babychan,2015-02-08 08:55:26+00:00,0,0,,negative,negative,negative,-1,-1,-1,-3,negative,
@RoyalCaribbean Can I have a follow please,5.64E+17,tonyr2011,2015-02-08 07:47:17+00:00,0,0,,neutral,neutral,neutral,0,0,0,0,neutral,
@RoyalCaribbean really knows how to deal with allergies. Ate like a gluten free queen in the dining room all week! #celiac #oasisoftheseas,5.64E+17,Bellaevangel,2015-02-08 05:22:57+00:00,0,0,,positive,positive,positive,1,1,1,3,positive,
"@RoyalCaribbean flow rider, gettin to relax in the sun, and all the food!",5.64E+17,MattAllein,2015-02-08 05:08:37+00:00,0,1,,positive,positive,positive,1,1,1,3,positive,
"“@RoyalCaribbean: @MattAllein When will you be onboard, Matt?”",5.64E+17,MattAllein,2015-02-08 03:45:28+00:00,0,0,,neutral,neutral,neutral,0,0,0,0,neutral,
@RoyalCaribbean May 23rd to May 30th,5.64E+17,MattAllein,2015-02-08 03:21:18+00:00,0,0,,neutral,neutral,neutral,0,0,0,0,neutral,
@RoyalCaribbean AYÚDENNOS!!! Comparte el nuevo video por favor!! Gracias! http://buscandoaltunante.com.ar contacto @ElTunante2,5.64E+17,Nanda19996,2015-02-07 23:57:29+00:00,1,0,,neutral,positive,neutral,0,1,0,1,neutral,contested
@RoyalCaribbean @Lisshamer 141 Days until our Wedding on here lets go! Save us a seat!,5.64E+17,petegriggs,2015-02-07 23:00:06+00:00,0,0,,neutral,positive,positive,0,1,1,2,positive,contested
@RoyalCaribbean be there on the 26th!!!,5.64E+17,DeanFlukes,2015-02-07 21:47:59+00:00,0,0,,neutral,neutral,positive,0,0,1,1,neutral,contested
@RoyalCaribbean save a good seat for us in June ,5.64E+17,belcaulfield,2015-02-07 21:32:14+00:00,0,0,,neutral,neutral,positive,0,0,1,1,neutral,contested
I wish I was there “@RoyalCaribbean: Best seats in the house. #ExploreroftheSeas http://bit.ly/1IqmSRU ”,5.64E+17,abbyctaliaferro,2015-02-07 21:02:13+00:00,0,1,,positive,neutral,positive,1,0,1,2,positive,contested
@RoyalCaribbean 63 days 'til we set sale for 18bday; 16th bday &amp; 20th anniversary. Can't wait! 3rd RCI cruise,5.64E+17,DanieB_TD,2015-02-07 18:30:54+00:00,0,1,,positive,positive,positive,1,1,1,3,positive,
@RoyalCaribbean off we go!! #oasisoftheseas #vacationbaby @dhalla_n,5.64E+17,dhalla_d,2015-02-07 15:38:43+00:00,1,0,,positive,positive,positive,1,1,1,3,positive,
@RoyalCaribbean no one reached out to us onboard. I suppose our business wasn't wanted. Back to booking with @PrincessCruises.,5.64E+17,walkerfamilyca,2015-02-07 15:04:49+00:00,0,0,,negative,negative,negative,-1,-1,-1,-3,negative,
@RoyalCaribbean Id go on more cruises but my flights to get to a port are more $$than the cruise #kansasproblems,5.64E+17,jamenard2,2015-02-07 14:48:22+00:00,0,0,,negative,negative,negative,-1,-1,-1,-3,negative,
@RoyalCaribbean one week until we cruise on Oasis! Cannot wait! Need relief from snow and cold... looking forward to the Caribbean Sea!,5.64E+17,mamafriedman,2015-02-07 13:32:42+00:00,0,0,,positive,positive,positive,1,1,1,3,positive,
"@RoyalCaribbean one more week and I'll be on my first cruise out of Ft Lauderdale, cruising to Belize and Cozumel.. Excited and nervous!!",5.64E+17,Karyshairstudio,2015-02-07 13:18:30+00:00,0,0,,positive,positive,positive,1,1,1,3,positive,
@RoyalCaribbean I just had the best vacation of my life on Liberty of the Seas and @abrahamprod. Thank u for a wonderful experience. ,5.64E+17,tammyharris01,2015-02-07 03:47:22+00:00,0,2,,positive,positive,neutral,1,1,0,2,positive,contested
@RoyalCaribbean @RoyalCaribPR Add a photo sharing component to Royal IQ,5.64E+17,mbjboyle,2015-02-07 02:39:32+00:00,0,0,,neutral,neutral,neutral,0,0,0,0,neutral,
“@RoyalCaribbean: Find your little corner of the world. #Croatia http://bit.ly/1Kp5M4v ” I love Croatia!,5.64E+17,Babijenn22,2015-02-07 01:43:14+00:00,0,1,,neutral,neutral,positive,0,0,1,1,neutral,contested
@RoyalCaribbean no I haven't- any recommendations of what to do on the ship?,5.64E+17,bextp84,2015-02-06 22:44:04+00:00,0,0,,neutral,neutral,neutral,0,0,0,0,neutral,
@RoyalCaribbean Gonna be a whole bunch of new things to see and do! Really excited about the Ultimate drink package though lol :),5.64E+17,MarMarDub,2015-02-06 22:24:20+00:00,0,2,,positive,positive,positive,1,1,1,3,positive,
@RoyalCaribbean Liberty of the Seas out of Fort Lauderdale! First time on Freedom class. Last RCCL I was on was Radiance class I think?,5.64E+17,MarMarDub,2015-02-06 22:23:25+00:00,0,0,,neutral,neutral,neutral,0,0,0,0,neutral,
@RoyalCaribbean since we've hit the specialty restaurants (FAVE was 150 Central Park) we are going to Japanese night at Windjammer!,5.64E+17,kmarcoz,2015-02-06 22:21:48+00:00,0,0,,positive,positive,positive,1,1,1,3,positive,
"@RoyalCaribbean Her favorite - grilled cheese, fries and a shake! Yum! #FreedomoftheSeas",5.64E+17,thisgrltravels,2015-02-06 22:04:50+00:00,0,0,,positive,positive,positive,1,1,1,3,positive,
@RoyalCaribbean On the #oasisoftheseas...can't believe the week is over already!,5.64E+17,kmarcoz,2015-02-06 21:45:39+00:00,0,0,,positive,positive,positive,1,1,1,3,positive,
@RoyalCaribbean only one week to go and we'll be on oasis of the seas! Can't wait!!!,5.64E+17,bextp84,2015-02-06 21:41:28+00:00,0,0,,positive,positive,positive,1,1,1,3,positive,
@RoyalCaribbean Quantum in San Juan PR.,5.64E+17,anaysa34,2015-02-06 21:38:05+00:00,0,0,,neutral,neutral,negative,0,0,-1,-1,neutral,contested
@RoyalCaribbean @beefikeefi #cruise #CruiseChat #RoyalCaribbean @QuantumofSeas #cruising,5.64E+17,winker_watson1,2015-02-06 20:24:34+00:00,0,0,,neutral,neutral,negative,0,0,-1,-1,neutral,contested
"@RoyalCaribbean adventure of the seas , Can't wait....Great times ahead !",5.64E+17,BuddTender,2015-02-06 19:41:05+00:00,0,1,,positive,positive,positive,1,1,1,3,positive,
@RoyalCaribbean Quantum of the Seas arrives in San Juan with 4.262 passengers! #SeePuertoRico http://www.see.pr,5.64E+17,discover_PR,2015-02-06 19:30:11+00:00,2,4,,neutral,neutral,neutral,0,0,0,0,neutral,
@RoyalCaribbean ruined holiday no flexibility when one of your top agents makes a mistake #treatthecustomerfairly,5.64E+17,ashleymanoff,2015-02-06 19:16:50+00:00,0,0,,negative,negative,negative,-1,-1,-1,-3,negative,
@RoyalCaribbean Nuevo estudio indica área donde podría estar el velero perdido Contacto @ElTunante2 http://www.clarin.com/sociedad/Tunante-busqueda-familiares-velero-perdido-Brasil_0_1297670545.html,5.64E+17,NlidaLassalle,2015-02-06 19:05:29+00:00,2,0,,neutral,neutral,neutral,0,0,0,0,neutral,
@RoyalCaribbean Our favorite is Freedom (5th time on this year)-can't wait to see the changes!,5.64E+17,BridgetJ_AVON,2015-02-06 18:33:20+00:00,0,1,,positive,positive,positive,1,1,1,3,positive,
@RoyalCaribbean a long 22! We'll see you on the 28th in Fort Lauderdale! #libertyoftheseas,5.64E+17,CruiseOut2Sea,2015-02-06 18:08:26+00:00,0,0,,positive,positive,positive,1,1,1,3,positive,
"@royalcaribbean - thank you for your generous $10,000 Cushman Gala Sponsorship! http://okt.to/mY810b",5.64E+17,CushmanSchool,2015-02-06 18:00:15+00:00,0,1,,positive,positive,positive,1,1,1,3,positive,
@RoyalCaribbean Nuevo estudio indica área donde podría estar el velero perdido Contacto @ElTunante2 http://www.clarin.com/sociedad/Tunante-busqueda-familiares-velero-perdido-Brasil_0_1297670545.html,5.64E+17,higgins_lilly,2015-02-06 17:46:53+00:00,2,0,,neutral,neutral,neutral,0,0,0,0,neutral,
@RoyalCaribbean LOOK at the FREEBIES Here! Call 01314430766 http://www.gocruise.co.uk/garyd https://www.youtube.com/watch?v=p-PCEOcBzKQ,5.64E+17,cruiseoffers1st,2015-02-06 17:18:44+00:00,0,1,,neutral,positive,positive,0,1,1,2,positive,contested
@RoyalCaribbean @MyRoyalUK @theRCLblog @RCI_fans @liveboatusa #legendoftheseas off the coast of #ConeyIsland,5.64E+17,liveboatusa,2015-02-06 16:47:05+00:00,0,0,,neutral,neutral,neutral,0,0,0,0,neutral,
@RoyalCaribbean thanks! Took a surprise trip for my inlaws as their #christmas present!,5.64E+17,naters88,2015-02-06 16:27:07+00:00,0,3,,positive,positive,positive,1,1,1,3,positive,
@RoyalCaribbean what a joke in customer service. No compassion no customer care #lostaloyalcustomer,5.64E+17,ashleymanoff,2015-02-06 16:13:46+00:00,0,0,,negative,negative,negative,-1,-1,-1,-3,negative,
@RoyalCaribbean you should ashamed at how much you've charged for flights. Utter shite no wonder you have big ships! Grrrrr not happy.,5.64E+17,Luke_Cordon,2015-02-06 15:12:06+00:00,0,0,,negative,negative,negative,-1,-1,-1,-3,negative,
@RoyalCaribbean invertirá US$1.200 millones en nueva flota en 2015 http://bit.ly/1Ig6ZNZ,5.64E+17,JavierHosteltur,2015-02-06 12:25:53+00:00,0,0,,neutral,neutral,neutral,0,0,0,0,neutral,
@RoyalCaribbean invertirá 1.050 M € en nueva flota en 2015 #cruceros vía @hosteltur http://bit.ly/1BYxDSN,5.64E+17,angelesvargaspe,2015-02-06 11:27:32+00:00,0,0,,neutral,neutral,neutral,0,0,0,0,neutral,
@RoyalCaribbean @MyRoyalUK joke,5.64E+17,ChrisCjmassey23,2015-02-06 11:22:29+00:00,0,0,,negative,negative,negative,-1,-1,-1,-3,negative,
@RoyalCaribbean would love to see how you celebrate in RED today for National Wear Red Day! #GOREDSFL ,5.64E+17,AHASouthFlorida,2015-02-06 05:35:26+00:00,0,0,,neutral,neutral,neutral,0,0,0,0,neutral,
@RoyalCaribbean in Cozumel today!! #publiport #Cozumel #mexico #MexicoFriendly,5.64E+17,PubliportC,2015-02-06 03:01:06+00:00,0,0,,neutral,neutral,positive,0,0,1,1,neutral,contested
@RoyalCaribbean Try to send an on boarding gift but the cut off was 6 pm. Manager said they couldn't override the system. My moms birthday:(,5.64E+17,KPK102,2015-02-06 02:47:46+00:00,0,0,,negative,negative,negative,-1,-1,-1,-3,negative,
@RoyalCaribbean can't wait to join the #oasisoftheseas Saturday for a week of fun and sun!,5.63E+17,tashajean29,2015-02-06 00:25:55+00:00,0,0,,positive,positive,positive,1,1,1,3,positive,
@RoyalCaribbean's Freedom of the Seas sets sail after revitalisation,5.63E+17,SiteMapaMundi,2015-02-06 00:23:49+00:00,0,0,,neutral,neutral,neutral,0,0,0,0,neutral,
@RoyalCaribbean I sales on quantum of the seas and loved it but the dining wasn't my favorite I enjoyed americN icon silk grande and chic ,5.63E+17,McnamraBrien,2015-02-05 23:36:14+00:00,0,0,,neutral,negative,positive,0,-1,1,0,neutral,contested
@RoyalCaribbean when should i join you guys for my next cruise please advise,5.63E+17,travisyost,2015-02-05 23:25:17+00:00,0,1,,neutral,neutral,neutral,0,0,0,0,neutral,
@RoyalCaribbean @DisneyCruise Please warn your travelers @Verizon Global Roaming is a bait and switch tactic. Avoid the backlash!,5.63E+17,Bristol1730,2015-02-05 23:04:30+00:00,0,0,,negative,negative,negative,-1,-1,-1,-3,negative,
@RoyalCaribbean #brillianceoftheseas goodbye Tampa! #cruisingwithcoke,5.63E+17,kerrizrjohnson,2015-02-05 22:35:07+00:00,0,0,,neutral,neutral,positive,0,0,1,1,neutral,contested
@RoyalCaribbean Do you allow non MMR vaccinated people on your boats?,5.63E+17,nychyperbole,2015-02-05 22:27:53+00:00,0,0,,neutral,neutral,neutral,0,0,0,0,neutral,
@RoyalCaribbean Podes ayudarnos en la busqueda!! Gracias!! Contacto @ElTunante2 https://www.youtube.com/watch?v=COb5IzO0CrQ&amp;feature=youtu.be http://fe.buscandoaltunante.com.ar,5.63E+17,Nanda19996,2015-02-05 21:59:28+00:00,1,0,,neutral,positive,neutral,0,1,0,1,neutral,contested
"@RoyalCaribbean travelling to caribbean San Juan , p.rico via Philadelphia (4hour stop)do I need a green card visa or ESTA thanks",5.63E+17,Ashmitch41,2015-02-05 19:22:24+00:00,0,0,,neutral,neutral,neutral,0,0,0,0,neutral,
@RoyalCaribbean's Grandeur of the Seas docked early due to norovirus. #SurfaceWise will soon counter this threat.,5.63E+17,AlliedBio,2015-02-05 17:14:28+00:00,0,0,,neutral,negative,neutral,0,-1,0,-1,neutral,contested
@RoyalCaribbean TODAY ONLY! #BOGO50Off plus $200 #OBC 2-Day Sale http://sdozier.cruisesinc.com/travel/promotion/royal-caribbean-cruises.do #CruiseChat #FamlyTravel #BOGO50Off #TravelThursday,5.63E+17,SLATEvacations,2015-02-05 17:04:37+00:00,0,0,,neutral,neutral,positive,0,0,1,1,neutral,contested
@RoyalCaribbean beautiful,5.63E+17,Macuska04,2015-02-05 13:30:12+00:00,0,0,,positive,positive,positive,1,1,1,3,positive,
@RoyalCaribbean ha comenzado la construcción de su 4 barco de la clase #oasis @RoyalESP #RevistaiCruceros http://www.icruceros.eu,5.63E+17,icruceros,2015-02-05 12:57:42+00:00,0,1,,neutral,neutral,neutral,0,0,0,0,neutral,
@RoyalCaribbean Independence of the Seas docks @San Juan with 3.557 passengers http://www.see.pr #SeePuertoRico,5.63E+17,discover_PR,2015-02-05 11:30:07+00:00,1,1,,neutral,neutral,neutral,0,0,0,0,neutral,
@RoyalCaribbean cruise to see #Norway's beautiful fjords all booked for May with @charlesastwood. Happy days :),5.63E+17,CiorGlass,2015-02-05 11:25:11+00:00,0,0,,positive,positive,positive,1,1,1,3,positive,
@RoyalCaribbean will you ever bring out an itinerary around Hawaii that doesn't involve 4 or 5 days in a row at sea on a 10 day cruise?,5.63E+17,b_d4512,2015-02-05 10:54:06+00:00,0,0,,neutral,negative,negative,0,-1,-1,-2,negative,contested
"@RoyalCaribbean construye su cuarto barco de la clase ‘Oasis’, que estará operativo en 2017",5.63E+17,bivestour,2015-02-05 10:07:24+00:00,0,0,,neutral,neutral,neutral,0,0,0,0,neutral,
"@RoyalCaribbean beautiful photo Steve hodgson , capturing all the different colours .",5.63E+17,hall_dch,2015-02-05 08:38:59+00:00,0,0,,neutral,neutral,positive,0,0,1,1,neutral,contested
@RoyalCaribbean begins work on fourth #Oasis class ship with steel cutting ceremony,5.63E+17,SiteMapaMundi,2015-02-05 01:04:29+00:00,0,0,,neutral,neutral,neutral,0,0,0,0,neutral,
@RoyalCaribbean sale is extended offering Buy One Get One Up To 50% Off • Up to US$400 Onboard Credit per stateroom and • 50% deposits.,5.63E+17,McIntoshIanmac,2015-02-05 00:11:18+00:00,0,0,,neutral,neutral,neutral,0,0,0,0,neutral,
@RoyalCaribbean unveils revitalized #FreedomoftheSeas http://ow.ly/Iummu #upgrades #cruise,5.63E+17,bahamasinvestor,2015-02-04 22:10:06+00:00,0,0,,neutral,neutral,positive,0,0,1,1,neutral,contested
@RoyalCaribbean Maroma Beach Riviera Cancun #beautiful #exquisite,5.63E+17,satnamrsingh,2015-02-04 22:08:14+00:00,0,0,,neutral,positive,positive,0,1,1,2,positive,contested
@RoyalCaribbean That looks so scenic!,5.63E+17,satnamrsingh,2015-02-04 22:05:10+00:00,0,0,,positive,positive,positive,1,1,1,3,positive,
@RoyalCaribbean is offering free return flights when you book Asia on Legend of the Seas 10 nights or longer departing 11 June - 10 Nov 2015,5.63E+17,McIntoshIanmac,2015-02-04 21:56:51+00:00,0,0,,neutral,neutral,neutral,0,0,0,0,neutral,
"@RoyalCaribbean , comienza la construcción del 4º barco de la clase Oasis.@RoyalESP http://loscrucerosdemarian.com/royal-caribbean-international-comienza-la-construccion-del-4o-barco-de-la-clase-oasis/",5.63E+17,Marian_geles,2015-02-04 20:20:04+00:00,0,1,,neutral,neutral,neutral,0,0,0,0,neutral,
@RoyalCaribbean Rotational dining doesn't sound any better than dynamic. Both force guests to go to restaurants they don't like.,5.63E+17,ssblackman,2015-02-04 19:28:17+00:00,0,0,,negative,negative,negative,-1,-1,-1,-3,negative,
@RoyalCaribbean Thank you. We are looking forward to our cruise in April.,5.63E+17,Tykeslife,2015-02-04 19:08:07+00:00,0,1,,positive,positive,positive,1,1,1,3,positive,
"@RoyalCaribbean Yes, please. I wish could teleport to the Allure, Oasis, or Quantum right now. Any of the above would do! :-)",5.63E+17,DianaUrban,2015-02-04 18:44:10+00:00,0,1,,positive,positive,positive,1,1,1,3,positive,
@RoyalCaribbean Your website sale dates are wrong. Showing December 2014.,5.63E+17,cristencasados,2015-02-04 16:39:25+00:00,0,0,,neutral,negative,negative,0,-1,-1,-2,negative,contested
@RoyalCaribbean begins construction on fourth Oasis-class ship (official press release) http://shar.es/1o53iK via @RoyalCaribPR,5.63E+17,gotang20,2015-02-04 14:42:04+00:00,0,0,,neutral,neutral,neutral,0,0,0,0,neutral,
@RoyalCaribbean more annoyed booking early doesn't do any1 any good!Giving free upgrades if u book inside cabin! Booked 7 months ago Annoyed,5.63E+17,Charlie199001,2015-02-04 12:48:09+00:00,0,1,,negative,negative,negative,-1,-1,-1,-3,negative,
@RoyalCaribbean regarding latest Nuro virus..we always hear the CG took samples..but never the cause. Hope my April cruise goes well,5.63E+17,Gerald205,2015-02-04 10:54:42+00:00,0,0,,neutral,negative,neutral,0,-1,0,-1,neutral,contested
@RoyalCaribbean heard a lot of people saying all inclusive packages that you get a basic drinks package? How do we find out of this is me?,5.63E+17,Charlie199001,2015-02-04 09:13:46+00:00,0,0,,neutral,neutral,neutral,0,0,0,0,neutral,
@RoyalCaribbean Cheers - I have created a basic listing for you http://timthetraveller.com/traveldeals/listing-category/cruise-deals you can also create a listing with your own content,5.63E+17,giddaytim,2015-02-04 03:03:20+00:00,0,0,,neutral,neutral,positive,0,0,1,1,neutral,contested
@RoyalCaribbean #QuantumOfTheSeas #flowrider Yup That's Me #flowriding https://vine.co/v/OFOEQKli7md,5.63E+17,Hawk546nj,2015-02-04 02:17:23+00:00,5,12,,neutral,positive,positive,0,1,1,2,positive,contested
@RoyalCaribbean #QuantumOfTheSeas #IFLY #RoyalWow Look Ma no Hands! https://vine.co/v/OFOEQqvd0dI,5.63E+17,Hawk546nj,2015-02-04 02:13:49+00:00,0,0,,positive,positive,positive,1,1,1,3,positive,
@RoyalCaribbean @n2nursingmb,5.63E+17,FutrellJohn,2015-02-04 00:49:21+00:00,0,0,,neutral,neutral,neutral,0,0,0,0,neutral,
@RoyalCaribbean any truth to rumors that Freedom may need another dry dock to fix mechanical issues?,5.63E+17,cruisebrett,2015-02-03 22:08:52+00:00,0,0,,neutral,neutral,neutral,0,0,0,0,neutral,
@RoyalCaribbean I've just seen a troubling tweet that you are stopping dynamic dining on anthem?? I want dynamic that's y I booked anthem,5.63E+17,Chris__Colvin,2015-02-03 21:56:13+00:00,0,0,,negative,negative,negative,-1,-1,-1,-3,negative,
@RoyalCaribbean Alaska's on my bucket list but wish you had 2 week cruises. Long way and expensive from the UK for 7 days solo.,5.63E+17,linerlovers,2015-02-03 21:41:51+00:00,0,0,,negative,negative,negative,-1,-1,-1,-3,negative,
@RoyalCaribbean 77 days until I'm on anthem of the seas! Can I have free wifi please :)) I will tweet nice things about the ship :)),5.63E+17,Chris__Colvin,2015-02-03 21:28:38+00:00,0,0,,neutral,neutral,positive,0,0,1,1,neutral,contested
@RoyalCaribbean Pretty but I still want a warmER beach haha,5.63E+17,BoilermakerB,2015-02-03 21:01:29+00:00,0,1,,neutral,negative,neutral,0,-1,0,-1,neutral,contested
@RoyalCaribbean is searching for a Media Account Executive. Go to #HireACane and search for the Job Id: 45095 today!,5.63E+17,Toppel,2015-02-03 20:41:01+00:00,0,0,,neutral,neutral,neutral,0,0,0,0,neutral,
@RoyalCaribbean starts building fourth Oasis-class #cruise ship. http://bit.ly/1zc6Nco,5.63E+17,cruiseapalooza,2015-02-03 20:04:56+00:00,0,0,,neutral,neutral,neutral,0,0,0,0,neutral,
@RoyalCaribbean @MiamiBoatShow book for for an Amazing #zen experience #namaste,5.63E+17,GuruHealing,2015-02-03 18:46:26+00:00,0,0,,neutral,positive,positive,0,1,1,2,positive,contested
@RoyalCaribbean Your guest left a balanced cruise review. We thought you might want to respond to their concerns http://bit.ly/1zbuIZp,5.63E+17,CruiselineTalk,2015-02-03 17:35:51+00:00,1,0,,neutral,neutral,neutral,0,0,0,0,neutral,
@RoyalCaribbean I'm not happy with classic dinning on anthem. It's not what we booked for. #nothappyaboutthis,5.63E+17,iaincooper1970,2015-02-03 17:14:17+00:00,0,0,,negative,negative,negative,-1,-1,-1,-3,negative,
@RoyalCaribbean not really happy about this classic dinning. It's not what we signed up for. #nothappyaboutthis,5.63E+17,iaincooper1970,2015-02-03 17:02:49+00:00,0,0,,negative,negative,negative,-1,-1,-1,-3,negative,
@RoyalCaribbean Interesting comparison between Royal Caribbean dining vs Princess Cruise - http://www.aboutcruiseships.com/news/royal-caribbean-cruise-2491.html,5.63E+17,AndyCruiseShips,2015-02-03 15:15:30+00:00,0,1,,neutral,neutral,neutral,0,0,0,0,neutral,
"@RoyalCaribbean transforma el concepto ""Dynamic Dining"" enel #crucero #AnthemoftheSeas http://blog.opinionesdecruceros.com/royal-caribbean-modifica-el-concepto-dynamic-dining/ #opinionesdecruceros #cruceros",5.63E+17,OpinionCruceros,2015-02-03 12:26:28+00:00,0,0,,neutral,neutral,neutral,0,0,0,0,neutral,
@RoyalCaribbean What can be done about this?,5.63E+17,Lasanaonline,2015-02-03 10:47:07+00:00,0,0,,neutral,neutral,negative,0,0,-1,-1,neutral,contested
@RoyalCaribbean Maybe it was a fluke but our overall experience on this cruise was a 4 out of 10. #EnchantmentoftheSeas #cruisetravel,5.63E+17,Lasanaonline,2015-02-03 10:46:21+00:00,0,0,,negative,negative,negative,-1,-1,-1,-3,negative,
"@RoyalCaribbean My boyfriend is an avid cruiser. In fact, he was on Enchantment of the Seas last year and had a much better experience then",5.63E+17,Lasanaonline,2015-02-03 10:44:57+00:00,0,0,,negative,negative,negative,-1,-1,-1,-3,negative,
@RoyalCaribbean One of the passengers even defecated in the pool in the solarium and it was shut down for an entire day. Gross. #cruise,5.63E+17,Lasanaonline,2015-02-03 10:43:22+00:00,0,0,,negative,negative,negative,-1,-1,-1,-3,negative,
@RoyalCaribbean I'm on a cruise to relax and enjoy. Not to constantly be told what I can't do or have.#cruisetravel #PoorCustomerService,5.63E+17,Lasanaonline,2015-02-03 10:37:57+00:00,0,0,,negative,negative,negative,-1,-1,-1,-3,negative,
"@RoyalCaribbean I was told, ""No"" so much on the cruise as well: No food available at this time, we're closed. Andy gave me No credit.",5.63E+17,Lasanaonline,2015-02-03 10:35:41+00:00,0,0,,negative,negative,negative,-1,-1,-1,-3,negative,
@RoyalCaribbean I was also disappointed that lobster wasn't an included option for formal dining night as it's been for @CruiseNorwegian.,5.63E+17,Lasanaonline,2015-02-03 10:31:42+00:00,0,0,,negative,negative,negative,-1,-1,-1,-3,negative,
@RoyalCaribbean Why doesn't the entire ship look like the 6th floor level? #EnchantmentoftheSeas #cruisetravel #cruise #CruiseChat,5.63E+17,Lasanaonline,2015-02-03 10:29:24+00:00,0,0,,neutral,neutral,negative,0,0,-1,-1,neutral,contested
@RoyalCaribbean Enchantment of the Seas also seems to be an older ship. It could use some TLC and some renovations. #cruisetravel,5.63E+17,Lasanaonline,2015-02-03 10:27:39+00:00,0,0,,negative,negative,negative,-1,-1,-1,-3,negative,
@RoyalCaribbean We even missed one of our ports! My boyfriend was so looking forward to going to Coco Cay and the BBQ. Never happened!,5.63E+17,Lasanaonline,2015-02-03 10:24:13+00:00,0,0,,negative,negative,negative,-1,-1,-1,-3,negative,
@RoyalCaribbean Who do I speak with regarding my disappointment of my recent Enchantment of the Seas experience?,5.63E+17,Lasanaonline,2015-02-03 10:11:36+00:00,0,0,,negative,negative,negative,-1,-1,-1,-3,negative,
@RoyalCaribbean Have you got a #travel #deals page? can you tweet me the link http://www.timthetraveller.com/traveldeals,5.63E+17,giddaytim,2015-02-03 07:58:06+00:00,0,0,,neutral,neutral,neutral,0,0,0,0,neutral,
"@RoyalCaribbean Grandeur of the Seas linked to #norovirus outbreak, again | barfblog http://barfblog.com/2015/02/royal-caribbean-grandeur-of-the-seas-linked-to-norovirus-outbreak-again/",5.62E+17,trackmycrop,2015-02-03 04:02:06+00:00,0,0,,negative,negative,neutral,-1,-1,0,-2,negative,contested
@RoyalCaribbean Thank You! #travelAgents #cruiseone #vacationhappiness,5.62E+17,VacationHappE,2015-02-03 01:46:07+00:00,0,0,,positive,positive,positive,1,1,1,3,positive,
@RoyalCaribbean so sad to hear about the illness on the Grandeur. Hope all staff and crew are doing okay!,5.62E+17,R5s_Franta,2015-02-03 00:00:07+00:00,0,0,,neutral,neutral,neutral,0,0,0,0,neutral,
“@RoyalCaribbean: Our end zone. ” #ForestLakeTravel,5.62E+17,ForestLkTravel,2015-02-02 23:19:04+00:00,0,0,,neutral,neutral,neutral,0,0,0,0,neutral,
@RoyalCaribbean booked my cruise finally yay!!! can't wait to celebrate anniversary and my birthday on the mighty oasis :),5.62E+17,ShettyNiranjan,2015-02-02 22:43:57+00:00,0,1,,positive,positive,positive,1,1,1,3,positive,
@RoyalCaribbean @AllyJ3nkins what if we don't want to keep the same dinning party? We booked cause of the new dynamic dinning.,5.62E+17,iaincooper1970,2015-02-02 22:18:27+00:00,0,0,,negative,negative,negative,-1,-1,-1,-3,negative,
@RoyalCaribbean by 'classic' you mean like the usual ships? Like independence of the seas? I thought the quantum class was a whole new way?,5.62E+17,AllyJ3nkins,2015-02-02 22:14:36+00:00,0,0,,negative,neutral,negative,-1,0,-1,-2,negative,contested
@RoyalCaribbean is looking for a Digital Media Specialist. Search the Job Id: 45096 on #HireACane to apply today!,5.62E+17,Toppel,2015-02-02 22:01:01+00:00,0,0,,neutral,neutral,neutral,0,0,0,0,neutral,
"@RoyalCaribbean my cruise isn't until mid April, but I'm ready now!!!",5.62E+17,Nana92597,2015-02-02 21:57:37+00:00,0,0,,neutral,positive,positive,0,1,1,2,positive,contested
@RoyalCaribbean this is what I am sitting in. I would love that view right now.,5.62E+17,ricktastic76,2015-02-02 21:46:11+00:00,0,1,,neutral,positive,positive,0,1,1,2,positive,contested
@RoyalCaribbean How about St Martin? I'm here right now and it's over 80°. I #SXM!,5.62E+17,TheKarenT,2015-02-02 21:35:18+00:00,0,1,,positive,neutral,neutral,1,0,0,1,neutral,contested
@RoyalCaribbean just back from western Caribbean cruise on the independence &amp; its freezing here in uk :( will have 2 book another one soon:),5.62E+17,LindaMaryWoods,2015-02-02 21:17:37+00:00,0,0,,positive,positive,positive,1,1,1,3,positive,
@RoyalCaribbean omg! I want that! Actually no need it! :P,5.62E+17,Zafira_93,2015-02-02 21:05:27+00:00,0,0,,positive,positive,positive,1,1,1,3,positive,
"@RoyalCaribbean Jerome Sueur? I've been researching him, I hope he'll be as good as Dave was on the Oasis! He rocked! Thank you so much!",5.62E+17,mc99_kevin,2015-02-02 20:44:50+00:00,0,1,,positive,positive,positive,1,1,1,3,positive,
@RoyalCaribbean any cruises planned from Honolulu to Aust in May 16? Nothing on ur website!,5.62E+17,johnskinner_1,2015-02-02 20:13:11+00:00,0,0,,neutral,negative,negative,0,-1,-1,-2,negative,contested
@RoyalCaribbean Thanks! We had a great cruise! Our cruise director Marc Walker was great! #bingbong,5.62E+17,JonathanESmith,2015-02-02 20:11:11+00:00,0,1,,positive,positive,positive,1,1,1,3,positive,
@RoyalCaribbean Thanks,5.62E+17,costa_leanne,2015-02-02 20:01:19+00:00,0,0,,positive,positive,positive,1,1,1,3,positive,
@RoyalCaribbean hi is food included in the price pls? Thanks,5.62E+17,costa_leanne,2015-02-02 19:56:27+00:00,0,0,,neutral,neutral,neutral,0,0,0,0,neutral,
@RoyalCaribbean Great show! :),5.62E+17,Mousesteps,2015-02-02 19:31:42+00:00,0,0,,positive,positive,positive,1,1,1,3,positive,
@RoyalCaribbean do Royal Caribbean take on interns?,5.62E+17,_KatyStanley,2015-02-02 18:30:30+00:00,0,0,,neutral,neutral,neutral,0,0,0,0,neutral,
@RoyalCaribbean is it true dynamic dining will be scrapped on #AnthemoftheSeas? I sincerely hope not!!!,5.62E+17,AllyJ3nkins,2015-02-02 17:54:50+00:00,0,0,,neutral,negative,negative,0,-1,-1,-2,negative,contested
"@RoyalCaribbean The Majesty of the Seas may be old, but she still looks good! Took these last week while onboard :-)",5.62E+17,paulcjones1977,2015-02-02 17:37:02+00:00,1,4,,positive,positive,positive,1,1,1,3,positive,
"@RoyalCaribbean @RoyalCaribPR Hello, Tax Returns! :o) Goodbye, Tax Returns! :o( The Sea Is Calling #FreedomOfTheSeas #LoyalToRoyal",5.62E+17,Allure10086,2015-02-02 17:11:07+00:00,0,2,,positive,positive,positive,1,1,1,3,positive,
@RoyalCaribbean CEO announced new dining format for #AnthemOfTheSeas http://www.royalcaribbeanblog.com/2015/01/31/royal-caribbean-will-adopt-new-rotational-dining-program-anthem-of-the-seas #cruise,5.62E+17,Allure_OTS,2015-02-02 16:27:10+00:00,0,0,,neutral,neutral,neutral,0,0,0,0,neutral,
"@RoyalCaribbean had a terrible time onboard Grandeur of the Seas, felt like I was incarcerated on your ship, staff was unprofessional",5.62E+17,ChrisMcNeall,2015-02-02 16:26:13+00:00,0,0,,negative,negative,negative,-1,-1,-1,-3,negative,
“@RoyalCaribbean: Our end zone. ” // I miss my Adventure Ocean Youth Staff days. Is Charly McDonald still around?,5.62E+17,HotDogOKC,2015-02-02 14:57:44+00:00,0,1,,neutral,neutral,neutral,0,0,0,0,neutral,
@RoyalCaribbean do you have an alternative UK number as this doesn't work?,5.62E+17,ESTGym,2015-02-02 14:15:54+00:00,0,0,,neutral,neutral,negative,0,0,-1,-1,neutral,contested
@RoyalCaribbean I sent you a DM as you requested two days ago but no one has contacted me. Can someone please assist me?,5.62E+17,Mitt72,2015-02-02 12:51:18+00:00,0,0,,negative,negative,negative,-1,-1,-1,-3,negative,
@RoyalCaribbean Already booked ,5.62E+17,Hawk546nj,2015-02-02 12:00:33+00:00,0,0,,neutral,neutral,positive,0,0,1,1,neutral,contested
@RoyalCaribbean Thank You #QuantumoftheSeas IT WAS A GREAT TIME!,5.62E+17,Hawk546nj,2015-02-02 10:41:45+00:00,0,0,,positive,positive,positive,1,1,1,3,positive,
@RoyalCaribbean I am surprised and shocked that you are not offering the free drinks and gratuities as advertised to existing bookings,5.62E+17,sanders1_james,2015-02-02 09:01:40+00:00,0,0,,negative,negative,negative,-1,-1,-1,-3,negative,
"@royalcaribbean #NavigatorOfTheSeas #cruise, #TabyanaBeach #Honduras #StarfishIsland #Belize and… http://instagram.com/p/ylir8rFKhP/",5.62E+17,RyanAAndre,2015-02-02 05:11:44+00:00,0,2,,neutral,neutral,neutral,0,0,0,0,neutral,
@RoyalCaribbean PLEASE HELP &amp; SHARE:ATL Ronnie Sands Fund for Electrocution on Selma http://www.gofundme.com/ronniesfund #setlighting #filmindustry #film,5.62E+17,ClassyKellyAtl,2015-02-02 02:09:10+00:00,0,0,,neutral,neutral,neutral,0,0,0,0,neutral,
@RoyalCaribbean thank you very much for All! Was awesome! The best honey moon with @Cxbxs,5.62E+17,siljaquep,2015-02-02 02:03:29+00:00,0,1,,positive,positive,positive,1,1,1,3,positive,
@RoyalCaribbean #SuperBowlXLIX on #QuantumoftheSeas with Katie Missy and Lenny #ROYALWOW,5.62E+17,Hawk546nj,2015-02-02 01:22:59+00:00,0,0,,positive,positive,positive,1,1,1,3,positive,
@RoyalCaribbean we will be sailing with you this May...can't wait!,5.62E+17,tonettaclay,2015-02-02 01:08:46+00:00,0,0,,positive,positive,positive,1,1,1,3,positive,
@RoyalCaribbean having so much fun I'm booked on #AnthemoftheSeas for 2016! ,5.62E+17,Hawk546nj,2015-02-02 00:54:23+00:00,0,0,,positive,positive,positive,1,1,1,3,positive,
@RoyalCaribbean I have to go outand get the #SuperBowl pizza! Thank Goodness1 Floor down @Sorrentos TY Valrie,5.62E+17,Hawk546nj,2015-02-02 00:26:13+00:00,0,0,,positive,positive,neutral,1,1,0,2,positive,contested
@RoyalCaribbean Q: What is the worst time to tweet a contreversial tweet like this? A: The middle of the Super Bowl.,5.62E+17,wallyboag,2015-02-02 00:02:53+00:00,0,0,,negative,negative,negative,-1,-1,-1,-3,negative,
"@RoyalCaribbean You just tweeted this to ALL your followers, @RoyalCaribbean. FYI.",5.62E+17,SamBDKing,2015-02-02 00:02:08+00:00,0,0,,neutral,negative,negative,0,-1,-1,-2,negative,contested
@RoyalCaribbean came quick with a response to that Carnival commercial. #clapbackseason,5.62E+17,CupcakesndHeels,2015-02-02 00:01:51+00:00,0,0,,neutral,neutral,neutral,0,0,0,0,neutral,
@RoyalCaribbean Allure of the Sea - enjoyed dining onboard.,5.62E+17,AzeezShabana,2015-02-01 23:54:36+00:00,0,1,,positive,positive,positive,1,1,1,3,positive,
@RoyalCaribbean #SuperBowlXLIX on #QuantumoftheSeas in the Music Hall on The BIGGEST TV I've ever seen! #ROYALWOW WOW,5.62E+17,Hawk546nj,2015-02-01 23:40:16+00:00,1,2,,positive,positive,positive,1,1,1,3,positive,
@RoyalCaribbean the sun and fun on the ship. Also interested to see what kids programs you have for my 15 year old and 12 year old,5.62E+17,jlw3867,2015-02-01 23:32:13+00:00,0,0,,positive,positive,neutral,1,1,0,2,positive,contested
@RoyalCaribbean June 14th of Freedom!!,5.62E+17,dsteding,2015-02-01 23:21:56+00:00,0,0,,positive,neutral,positive,1,0,1,2,positive,contested
@RoyalCaribbean Royal Caribbean cruises are the best vacation ever! #LoveOasis &lt;3,5.62E+17,bayrngrl,2015-02-01 22:52:56+00:00,0,1,,positive,positive,positive,1,1,1,3,positive,
"@RoyalCaribbean now THAT is an end zone I can ""get on board with"". Get it? Ha ha",5.62E+17,eremington1,2015-02-01 22:41:35+00:00,0,0,,positive,neutral,positive,1,0,1,2,positive,contested
@RoyalCaribbean less than two weeks til I'm on the oasis of the seas! Can't wait!!,5.62E+17,bextp84,2015-02-01 22:36:33+00:00,0,1,,positive,positive,positive,1,1,1,3,positive,
@RoyalCaribbean do you know who the cruise director is going to be for the March 8th sailing of the Allure of the Seas? Thank you!,5.62E+17,mc99_kevin,2015-02-01 21:41:54+00:00,0,0,,neutral,neutral,neutral,0,0,0,0,neutral,
“@RoyalCaribbean: Our end zone. ” can't wait to cruise again it's Amazing,5.62E+17,Babijenn22,2015-02-01 21:33:58+00:00,0,0,,neutral,neutral,positive,0,0,1,1,neutral,contested
@RoyalCaribbean Oasis of the Seas! Excellent trip Eastern Caribbean 12/13/2014..we are going again!..,5.62E+17,jeffery_harlan,2015-02-01 21:22:04+00:00,0,1,,positive,neutral,positive,1,0,1,2,positive,contested
@RoyalCaribbean I miss the unlimited pork curry in the Windjammer Buffet! :(,5.62E+17,xCameronLee,2015-02-01 21:19:23+00:00,0,0,,neutral,negative,negative,0,-1,-1,-2,negative,contested
“@RoyalCaribbean: Our end zone. ” Sitting there on Thanksgiving day was PRICELESS!!!!,5.62E+17,dsteding,2015-02-01 21:16:09+00:00,0,0,,neutral,neutral,positive,0,0,1,1,neutral,contested
"“@RoyalCaribbean: Our end zone. "" I want to be on there so badly ",5.62E+17,_sydneypatton_,2015-02-01 21:13:34+00:00,0,2,,neutral,positive,positive,0,1,1,2,positive,contested
@RoyalCaribbean #SuperBowlXLIX on #QuantumoftheSeas #270Lounge #royalwow SWEEEEEEEEET!,5.62E+17,Hawk546nj,2015-02-01 21:13:05+00:00,0,0,,positive,neutral,positive,1,0,1,2,positive,contested
@RoyalCaribbean well-played ,5.62E+17,travelwithrandy,2015-02-01 21:12:48+00:00,0,0,,positive,neutral,positive,1,0,1,2,positive,contested
@RoyalCaribbean do you know which show will be shown on Explorer Of The Seas this summer please? ,5.62E+17,iamlaurenpaigee,2015-02-01 21:11:57+00:00,0,0,,neutral,neutral,neutral,0,0,0,0,neutral,
@RoyalCaribbean october 8 !,5.62E+17,Geoffrey1988,2015-02-01 21:09:36+00:00,0,0,,neutral,neutral,neutral,0,0,0,0,neutral,
"@RoyalCaribbean Dat aft, tho.",5.62E+17,justinbeveridge,2015-02-01 21:08:07+00:00,0,0,,neutral,positive,neutral,0,1,0,1,neutral,contested
MT @RoyalCaribbean: Our end zone.,5.62E+17,cupamanatea,2015-02-01 21:05:36+00:00,0,0,,neutral,neutral,neutral,0,0,0,0,neutral,
@RoyalCaribbean 3 weeks today!!,5.62E+17,8soup,2015-02-01 21:05:07+00:00,0,0,,positive,positive,positive,1,1,1,3,positive,
@RoyalCaribbean Oasis was my first cruise! First class all the way!,5.62E+17,jackiedisneyqu1,2015-02-01 21:04:05+00:00,0,0,,positive,positive,positive,1,1,1,3,positive,
"@RoyalCaribbean RCI, the best cruise ship line ever!",5.62E+17,gharleydude,2015-02-01 21:03:58+00:00,1,1,,positive,positive,positive,1,1,1,3,positive,
@RoyalCaribbean I love this ship.,5.62E+17,IsseiLacie,2015-02-01 21:02:58+00:00,0,1,,positive,positive,positive,1,1,1,3,positive,
@RoyalCaribbean This is the #DangerZone :) Beautifful view. ;),5.62E+17,Billy_Fitness,2015-02-01 21:01:48+00:00,0,0,,positive,positive,positive,1,1,1,3,positive,
@RoyalCaribbean going on 2 hrs on hold with 5+ reps because your 1 yr old website sucks. We'd love to spend more but can't. Plz help,5.62E+17,mpg2719,2015-02-01 20:12:15+00:00,0,0,,negative,negative,negative,-1,-1,-1,-3,negative,
@RoyalCaribbean Enjoy my latest video showing beautiful aerial views from a drone over Puerto Rico!,5.62E+17,hinklecolin,2015-02-01 19:02:55+00:00,0,0,,positive,neutral,positive,1,0,1,2,positive,contested
@RoyalCaribbean 1st cruise ever. Navigator of the Seas is beautiful!,5.62E+17,MakHilton,2015-02-01 18:46:45+00:00,0,0,,positive,positive,positive,1,1,1,3,positive,
@RoyalCaribbean ...heard it all before! Please re-read the tweets I have sent so far (including a DM) and feel free to call me...!,5.62E+17,WideSSJ,2015-02-01 17:10:07+00:00,0,0,,negative,negative,negative,-1,-1,-1,-3,negative,
". @RoyalCaribbean because they know that w/o that sponsor, that driver and team wouldn't be racing, fulfilling a lifelong dream.",5.62E+17,perfface4radio,2015-02-01 16:56:30+00:00,0,0,,neutral,neutral,neutral,0,0,0,0,neutral,
". @RoyalCaribbean but, many support companies and feel positive about companies that sponsor teams / drivers..",5.62E+17,perfface4radio,2015-02-01 16:56:08+00:00,0,0,,neutral,neutral,neutral,0,0,0,0,neutral,
. @RoyalCaribbean many people block accounts that spam their Twitter feed....,5.62E+17,perfface4radio,2015-02-01 16:55:41+00:00,0,0,,neutral,neutral,negative,0,0,-1,-1,neutral,contested
". @RoyalCaribbean rather than spending cash on promoted tweets, have you considered sponsoring a race team / driver?",5.62E+17,perfface4radio,2015-02-01 16:55:12+00:00,0,0,,neutral,negative,neutral,0,-1,0,-1,neutral,contested
"@RoyalCaribbean people stuck in North Star, engineers have no clue how to let people out. People been there for 1hr",5.62E+17,jgoga,2015-02-01 16:27:40+00:00,0,1,,negative,negative,negative,-1,-1,-1,-3,negative,
"@RoyalCaribbean escape route from inside the North Star, engineering at its best",5.62E+17,jgoga,2015-02-01 16:21:16+00:00,0,0,,neutral,neutral,neutral,0,0,0,0,neutral,
@RoyalCaribbean quantum of the seas North Star gets stuck,5.62E+17,jgoga,2015-02-01 16:20:05+00:00,0,0,,neutral,negative,negative,0,-1,-1,-2,negative,contested
@RoyalCaribbean @RoyalCaribPR just enrolled in C&amp;A society. Joining Quantum at end of March from Jersey CI home to @satellites_ Can't wait!!,5.62E+17,Mighty_Bouch,2015-02-01 16:06:23+00:00,0,0,,positive,positive,positive,1,1,1,3,positive,
"@RoyalCaribbean We need a free cruise for our Wedding Anniversary 02/14 We are in Garland, Texas",5.62E+17,Shrthomas,2015-02-01 14:10:41+00:00,0,0,,neutral,negative,neutral,0,-1,0,-1,neutral,contested
"@RoyalCaribbean is having a 2 day sale, sale ends today, contact @TammiBrant",5.62E+17,TammiBrant,2015-02-01 13:45:21+00:00,0,0,,neutral,neutral,positive,0,0,1,1,neutral,contested
Thank you so much @RoyalCaribbean for the incredible experience! Ready for the 7 day #FreedomOfTheSeas,5.62E+17,lisasamples,2015-02-01 13:42:48+00:00,2,2,,positive,positive,positive,1,1,1,3,positive,
Amazing job on #freedomoftheseas Thanks RCCL! “@RoyalCaribbean: @cruisebrett See you soon! We can't wait to show you around the ship.”,5.62E+17,cruisebrett,2015-02-01 13:41:47+00:00,0,0,,positive,positive,positive,1,1,1,3,positive,
@RoyalCaribbean We've done our research and the kids have RC in the running for our first cruise #guthriefamilyadventure #familytravel,5.62E+17,Sherriemae23,2015-02-01 12:31:07+00:00,0,1,,positive,neutral,positive,1,0,1,2,positive,contested
@RoyalCaribbean pls can someone from cust serv contact me. RCI messed up our booking and now won't sort. Gonna hv to cancel if can't sort ,5.62E+17,DeniseManoff,2015-02-01 11:35:01+00:00,0,0,,negative,negative,negative,-1,-1,-1,-3,negative,
@RoyalCaribbean stop by Gallery St. Thomas in Palm Passage for local art if u visit St. Thomas #art,5.62E+17,GalleryStThomas,2015-02-01 11:04:43+00:00,0,1,,neutral,neutral,neutral,0,0,0,0,neutral,
@RoyalCaribbean Thanks.,5.62E+17,jerrysan52,2015-02-01 10:30:00+00:00,0,0,,positive,positive,positive,1,1,1,3,positive,
@RoyalCaribbean when will we hear more about oasis 3?,5.62E+17,realadammcohen,2015-02-01 09:09:28+00:00,0,0,,neutral,neutral,neutral,0,0,0,0,neutral,
"@RoyalCaribbean Grand Cayman, Jamaica and Haiti :) we are very excited!",5.62E+17,xtinaa82,2015-02-01 08:30:56+00:00,0,0,,positive,positive,positive,1,1,1,3,positive,
@RoyalCaribbean Me too. Do sail out of Galveston much?,5.62E+17,jerrysan52,2015-02-01 05:31:30+00:00,0,0,,neutral,neutral,neutral,0,0,0,0,neutral,
@RoyalCaribbean @TrionaHenderson Can't make this one but I am following you now for future sales.,5.62E+17,jerrysan52,2015-02-01 05:16:10+00:00,0,1,,neutral,neutral,neutral,0,0,0,0,neutral,
@RoyalCaribbean see you in August on #NavigatoroftheSeas,5.62E+17,jackiedisneyqu1,2015-02-01 04:27:50+00:00,1,2,,neutral,positive,positive,0,1,1,2,positive,contested
@RoyalCaribbean do all southern Caribbean cruises depart from Puerto Rico?,5.62E+17,reedamellark,2015-02-01 02:04:27+00:00,0,0,,neutral,neutral,neutral,0,0,0,0,neutral,
@RoyalCaribbean #QuantumoftheSeas #royalwow Sonic Odyssey DO NOT MISS THIS SHOW! #Amazing Great Entertainment,5.62E+17,Hawk546nj,2015-02-01 01:03:29+00:00,0,3,,positive,positive,positive,1,1,1,3,positive,
@RoyalCaribbean Sole purpose of cruise ships is to sell their products when out of port. Not the best items either.,5.62E+17,PatRCO,2015-02-01 00:58:43+00:00,0,0,,negative,negative,negative,-1,-1,-1,-3,negative,
