tweet_id,airline_sentiment,airline_sentiment_confidence,negativereason,negativereason_confidence,airline,airline_sentiment_gold,name,negativereason_gold,retweet_count,text,tweet_coord,tweet_created,tweet_location,user_timezone,predictions
570301031407624196,negative,1.0,Bad Flight,0.7033,Virgin America,,jnardino,,0,"@virginamerica it's really aggressive to blast obnoxious ""entertainment"" in your guests' faces &amp; they have little recourse",,2015-02-24 11:15:36 -0800,,Pacific Time (US & Canada),0
570300817074462722,negative,1.0,Can't Tell,1.0,Virgin America,,jnardino,,0,@virginamerica and it's a really big bad thing about it,,2015-02-24 11:14:45 -0800,,Pacific Time (US & Canada),0
570300767074181121,negative,1.0,Can't Tell,0.6842,Virgin America,,jnardino,,0,"@virginamerica seriously would pay $30 a flight for seats that didn't have this playing.
it's really the only bad thing about flying va",,2015-02-24 11:14:33 -0800,,Pacific Time (US & Canada),0
570282469121007616,negative,0.6842,Late Flight,0.3684,Virgin America,,smartwatermelon,,0,@virginamerica sfo-pdx schedule is still mia.,,2015-02-24 10:01:50 -0800,"palo alto, ca",Pacific Time (US & Canada),1
570276917301137409,negative,1.0,Bad Flight,1.0,Virgin America,,heatherovieda,,0,@virginamerica  i flew from nyc to sfo last week and couldn't fully sit in my seat due to two large gentleman on either side of me. help!,,2015-02-24 09:39:46 -0800,this place called NYC,Eastern Time (US & Canada),3
570265883513384960,negative,0.6705,Can't Tell,0.3614,Virgin America,,MISSGJ,,0,@virginamerica why are your first fares in may over three times more than other carriers when all seats are available to select???,,2015-02-24 08:55:56 -0800,,,3
570256553502068736,negative,1.0,Customer Service Issue,0.3557,Virgin America,,ayeevickiee,,0,@virginamerica you guys messed up my seating.. i reserved seating with my friends and you guys gave my seat away ... üò° i want free internet,,2015-02-24 08:18:51 -0800,714,Mountain Time (US & Canada),3
570249102404923392,negative,1.0,Customer Service Issue,1.0,Virgin America,,Leora13,,0,@virginamerica status match program.  i applied and it's been three weeks.  called and emailed with no response.,,2015-02-24 07:49:15 -0800,,,1
570239632807370753,negative,1.0,Can't Tell,0.6614,Virgin America,,meredithjlynn,,0,@virginamerica what happened 2 ur vegan food options?! at least say on ur site so i know i won't be able 2 eat anything for next 6 hrs #fail,,2015-02-24 07:11:37 -0800,,,0
570207886493782019,negative,1.0,Bad Flight,1.0,Virgin America,,blackjackpro911,,0,@virginamerica amazing to me that we can't get any cold air from the vents. #vx358 #noair #worstflightever #roasted #sfotobos,"[42.361016, -71.02000488]",2015-02-24 05:05:28 -0800,"San Mateo, CA & Las Vegas, NV",,1
570114021854212096,negative,1.0,Flight Booking Problems,1.0,Virgin America,,jordanpichler,,0,"@virginamerica hi! i just bked a cool birthday trip with you, but i can't add my elevate no. cause i entered my middle name during flight booking problems üò¢",,2015-02-23 22:52:29 -0800,,Vienna,3
570088404156698625,negative,1.0,Customer Service Issue,1.0,Virgin America,,Cuschoolie1,,0,"@virginamerica help, left expensive headphones on flight 89 iad to lax today. seat 2a. no one answering l&amp;f number at lax!","[33.94209449, -118.40410103]",2015-02-23 21:10:41 -0800,Washington DC,Quito,3
570084582780899328,negative,1.0,Customer Service Issue,1.0,Virgin America,,amanduhmccarty,,0,"@virginamerica awaiting my return phone call, just would prefer to use your online self-service option :(",,2015-02-23 20:55:30 -0800,,Pacific Time (US & Canada),0
570035876845084672,negative,1.0,Customer Service Issue,1.0,Virgin America,,DannyDouglass,,0,@virginamerica your chat support is not working on your site: http://t.co/vhp2gtdwpk,,2015-02-23 17:41:58 -0800,"San Francisco, CA",Pacific Time (US & Canada),2
570025482344898560,negative,0.6688,Flight Booking Problems,0.6688,Virgin America,,will_lenzenjr,,0,"@virginamerica hey, first time flyer next week - excited! but i'm having a hard time getting my flights added to my elevate account. help?",,2015-02-23 17:00:40 -0800,Iowa City,Central Time (US & Canada),3
569996412286582784,negative,0.6939,Flight Booking Problems,0.6939,Virgin America,,murphicus,,0,@virginamerica hi! i'm so excited about your $99 lga-&gt;dal deal- but i've been trying 2 book since last week &amp; the page never loads. thx!,,2015-02-23 15:05:09 -0800,"new york, new york",Eastern Time (US & Canada),2
569989034501500928,negative,1.0,Customer Service Issue,1.0,Virgin America,,rachie1126,,0,@virginamerica i called a 3-4 weeks ago about adding 3 flights from 2014 to my elevate...they still haven't shown up...help!,,2015-02-23 14:35:50 -0800,"New York, NY",Eastern Time (US & Canada),3
569976620158578688,negative,1.0,Customer Service Issue,1.0,Virgin America,,onerockgypsy,,0,@virginamerica heyyyy guyyyys.. been trying to get through for an hour. can someone call me please? :/,,2015-02-23 13:46:30 -0800,next city,Pacific Time (US & Canada),1
569973821396152323,negative,1.0,Late Flight,0.6789,Virgin America,,noelduan,,0,"@virginamerica hi, virgin! i'm on hold for 40-50 minutes -- are there any earlier flights from la to nyc tonight; earlier than 11:50pm?",,2015-02-23 13:35:23 -0800,SF ‚Üî NY,Eastern Time (US & Canada),3
569967019958730753,negative,1.0,Lost Luggage,1.0,Virgin America,,gianagon,,0,@virginamerica everything was fine until you lost my bag,"[40.6413712, -73.78311558]",2015-02-23 13:08:21 -0800,New York + Panama,Eastern Time (US & Canada),3
569946362126602240,negative,1.0,Flight Attendant Complaints,0.3516,Virgin America,,seimatrun,,0,@virginamerica your airline is awesome but your lax loft needs to step up its game. $40 for dirty tables and floors? http://t.co/hy0vrfhjht,,2015-02-23 11:46:16 -0800,Los Angeles,,0
569935232033366017,negative,1.0,Customer Service Issue,1.0,Virgin America,,meme_meng,,0,@virginamerica what is going on with customer service? is there anyway to speak to a human asap? thank you.,,2015-02-23 11:02:02 -0800,,,1
569933816963342337,negative,1.0,Customer Service Issue,1.0,Virgin America,,GunsNDip,,0,@virginamerica why can't you supp the biz traveler like @southwestair  and have customer service like @jetblue #neverflyvirginforbusiness,,2015-02-23 10:56:25 -0800,,Pacific Time (US & Canada),2
569933405506310144,negative,0.6792,Late Flight,0.3477,Virgin America,,arieldaie,,0,@virginamerica you're the best!! whenever i (begrudgingly) use any other airline i'm delayed and late flight :(,,2015-02-23 10:54:47 -0800,Los Angeles,,3
569933360564342784,negative,1.0,Can't Tell,1.0,Virgin America,,GunsNDip,,0,@virginamerica i have no interesting flying with you after this. i will cancelled flight my next four flights i planned.#neverflyvirginforbusiness,,2015-02-23 10:54:36 -0800,,Pacific Time (US & Canada),0
569929243146088448,negative,1.0,Can't Tell,1.0,Virgin America,,GunsNDip,,0,@virginamerica it was a disappointing experience which will be shared with every business traveler i meet. #neverflyvirgin,,2015-02-23 10:38:14 -0800,,Pacific Time (US & Canada),3
569926998824394752,negative,1.0,Flight Booking Problems,1.0,Virgin America,,jsatk,,0,@virginamerica i‚Äôm having trouble adding this flight my wife booked to my elevate account. help? http://t.co/px8hqoks3r,"[0.0, 0.0]",2015-02-23 10:29:19 -0800,"Lower Pacific Heights, SF, CA",Pacific Time (US & Canada),3
569919041244147712,negative,1.0,Can't Tell,0.6513,Virgin America,,MaryAnnTaylorT,,0,@virginamerica why is the site down?  when will it be back up?,,2015-02-23 09:57:42 -0800,"New York, NY",Arizona,3
569911816937033728,negative,1.0,Cancelled Flight,1.0,Virgin America,,AlisonK33774854,,0,@virginamerica i like the tv and interesting video . just disappointed in cancelled flightled flight when other flights went out to jfk on saturday .,,2015-02-23 09:29:00 -0800,,,0
569911674158731264,negative,1.0,Late Flight,1.0,Virgin America,,GunsNDip,,0,"@virginamerica just landed in lax, an hour after i should of been here. your no late flight bag check is not business travel friendly #nomorevirgin",,2015-02-23 09:28:26 -0800,,Pacific Time (US & Canada),3
569910981868060673,negative,1.0,Customer Service Issue,0.6863,Virgin America,,MerchEngines,,0,"@virginamerica is it me, or is your website down?  btw, your new website isn't a great user experience.  time for another redesign.",,2015-02-23 09:25:41 -0800,"Los Angeles, CA",Arizona,0
569909224521641984,negative,1.0,Customer Service Issue,0.6771,Virgin America,,ColorCartel,,0,@virginamerica i can't check in or add a bag. your website isn't working. i've tried both desktop and mobile http://t.co/avyqdmpi1y,,2015-02-23 09:18:42 -0800,"Austin, TX",Mountain Time (US & Canada),2
569907336485019648,negative,1.0,Can't Tell,0.659,Virgin America,,MustBeSpoken,,0,@virginamerica - let 2 scanned in passengers leave the plane than told someone to remove their bag from 1st class bin? #uncomfortable,,2015-02-23 09:11:12 -0800,,,1
569896805611089920,negative,1.0,Flight Booking Problems,0.6714,Virgin America,,mattbunk,,0,@virginamerica what is your phone number. i can't find who to call about a flight reservation.,,2015-02-23 08:29:21 -0800,"Sterling Heights, MI",Eastern Time (US & Canada),0
569894449620369408,negative,1.0,Customer Service Issue,1.0,Virgin America,,louisjenny,,0,@virginamerica is anyone doing anything there today?  website is useless and no one is answering the phone.,,2015-02-23 08:19:59 -0800,Washington DC,Quito,0
569892199690678272,negative,1.0,Late Flight,0.6882,Virgin America,,GunsNDip,,0,@virginamerica why must a traveler miss a flight to late flight check a bag?  i missed my morning appointments and you lost my business. #sfo2lax,,2015-02-23 08:11:03 -0800,,Pacific Time (US & Canada),3
569891436100874241,negative,0.6925,Late Flight,0.3521,Virgin America,,mrmichaellay,,0,@virginamerica how's a direct flight fll-&gt;sfo have unexpected layover in vegas 4 fuel yet peeps next to me bought for vegas flight. #sneaky,"[0.0, 0.0]",2015-02-23 08:08:01 -0800,Floridian from Cincinnati ,Eastern Time (US & Canada),3
569887310713479168,negative,1.0,Late Flight,0.3486,Virgin America,,GunsNDip,,0,@virginamerica your no late flight bag check just lost you my business. i missed flight and am apt. three other people on flight had same exp.,,2015-02-23 07:51:37 -0800,,Pacific Time (US & Canada),3
569884551712886785,negative,1.0,Customer Service Issue,1.0,Virgin America,,BeLeather,,0,@virginamerica called your service line and was hung up on. this is awesome. #sarcasm,"[0.0, 0.0]",2015-02-23 07:40:39 -0800,,Pacific Time (US & Canada),1
569884407852437504,negative,1.0,Flight Booking Problems,0.6366,Virgin America,,BeLeather,,0,@virginamerica your site is tripping. i'm trying to check in and i'm getting the plain text version. i am reluctant to enter any card info.,"[0.0, 0.0]",2015-02-23 07:40:05 -0800,,Pacific Time (US & Canada),2
569847920192655361,negative,1.0,Late Flight,1.0,Virgin America,,nicholas_v,,0,"@virginamerica should i be concerned that i am about to fly on a plane that needs to be delayed due to a ""tech stop""?","[26.074379, -80.1416831]",2015-02-23 05:15:06 -0800,,Eastern Time (US & Canada),1
569748316776325120,negative,0.6832,Customer Service Issue,0.3773,Virgin America,,usagibrian,,0,@virginamerica use another browser! 2015 &amp; a brand with a reputation built on tech response doesn't have a cross-browser compatible website?,,2015-02-22 22:39:18 -0800,San Francisco CA,Pacific Time (US & Canada),0
569741221783957504,negative,1.0,Flight Booking Problems,0.6767,Virgin America,,usagibrian,,0,"@virginamerica and now the flight flight booking problems site is totally down. folks, what is the problem?",,2015-02-22 22:11:07 -0800,San Francisco CA,Pacific Time (US & Canada),3
569737603617943552,negative,1.0,Customer Service Issue,0.6527,Virgin America,,KindofLuke,,0,@virginamerica i like the customer service but a 40 min delay just for connecting passengers seems too long. va370,,2015-02-22 21:56:44 -0800,,,1
569666477265018881,negative,0.6703,Customer Service Issue,0.6703,Virgin America,,ChrisFordisHere,,0,@virginamerica i need to change my flight thats scheduled in 9 hours and 120 min wait time on phone. im calling intern. help!!,"[51.04345575, -114.06071363]",2015-02-22 17:14:06 -0800,NYC,Tehran,0
569642845516275712,negative,1.0,Customer Service Issue,0.6448,Virgin America,,melokudo,,0,@virginamerica you are failing your customers because your check in process does not link to tsa pre-check.,,2015-02-22 15:40:12 -0800,,Eastern Time (US & Canada),1
569634318349246464,negative,1.0,Can't Tell,1.0,Virgin America,,ChrysiChrysic,,0,@virginamerica @fidifamilies us too! terrible airline! just gave us a hotel hotline number and said sorry,,2015-02-22 15:06:19 -0800,,,1
569633279546036224,negative,1.0,Cancelled Flight,0.6875,Virgin America,,ChrysiChrysic,,0,@virginamerica @chrysichrysic your assistance yesterday when u cancelled flightled our flight was to give us a hotel hotline  shame on you!,,2015-02-22 15:02:11 -0800,,,0
569630092273410048,negative,1.0,Late Flight,1.0,Virgin America,,MOCBlogger,,0,@virginamerica another delayed flight? #likingyoulessandless,,2015-02-22 14:49:31 -0800,San Diego,Alaska,0
569627480425766912,negative,1.0,Customer Service Issue,1.0,Virgin America,,tfaz,,0,@virginamerica i need to register a service dog for a first class ticket from sfo &gt; dulles. the phone queue is an hour or longer. pls advise,,2015-02-22 14:39:09 -0800,"Oakland, California",Pacific Time (US & Canada),0
569619569372823552,negative,1.0,Flight Booking Problems,1.0,Virgin America,,GoShar2012,,0,@virginamerica why can't we book seats on your flights when we buy them or even during check in? creates so much anxiety! #frustrated,,2015-02-22 14:07:43 -0800,"Providence, RI",Eastern Time (US & Canada),3
569618527948115968,negative,0.6543,Flight Attendant Complaints,0.3562,Virgin America,,MOCBlogger,,0,@virginamerica you'd think paying an extra $100 bucks rt for luggage might afford you hiring an extra hand at @sfo #lame,,2015-02-22 14:03:34 -0800,San Diego,Alaska,0
569614365755899905,negative,0.6889,Late Flight,0.6889,Virgin America,,jarrydosborne,,0,@virginamerica please provide status for flight 769.  i cant imagine it's on time as the web indicates  dude to weather here and/or dallas,,2015-02-22 13:47:02 -0800,New York,Eastern Time (US & Canada),1
569609971383586817,negative,1.0,Cancelled Flight,1.0,Virgin America,,mlorenzen,,0,"@virginamerica i paid the premium to fly you across the country, you cancelled flight my flight and offer no check fee or upgrade love? sad face :(",,2015-02-22 13:29:34 -0800,"iPhone: 29.741360,-90.131523",Pacific Time (US & Canada),1
569608328998887424,negative,0.679,Flight Booking Problems,0.3684,Virgin America,,Tyler_Starrine,,0,@virginamerica question: is it not possible to book a seat for an infant under 2? it's not giving me the option but we want a seat for him.,,2015-02-22 13:23:03 -0800,Los Angeles,Pacific Time (US & Canada),3
569596097540132864,negative,1.0,Damaged Luggage,0.6501,Virgin America,,khartline,,0,.@virginamerica i don't understand why you need a dm to give me an answer on if you have a damaged luggage policy.,,2015-02-22 12:34:26 -0800,Las Vegas,Pacific Time (US & Canada),0
569594386066984960,negative,1.0,Damaged Luggage,1.0,Virgin America,,khartline,,0,.@virginamerica does that mean you don't have a policy for destroyed luggage?,,2015-02-22 12:27:38 -0800,Las Vegas,Pacific Time (US & Canada),0
569572942381649920,negative,1.0,Customer Service Issue,0.6983,Virgin America,,paulnakada,,0,@virginamerica having problems flight booking problems on the web site. keeps giving me an error and to contact by phone.  phone is 30 minute wait.,,2015-02-22 11:02:26 -0800,San Francisco,Pacific Time (US & Canada),3
569572740723712001,negative,0.6593,Cancelled Flight,0.6593,Virgin America,,RampantSmashing,,0,@virginamerica how do i reschedule my cancelled flightled flights online? the change button is greyed out!,,2015-02-22 11:01:38 -0800,CA,,0
569566981835218944,negative,1.0,Flight Booking Problems,0.6556,Virgin America,,intlwriter,,0,"@virginamerica i rang, but there is a wait for 35 minutes!! i can book the same ticket through a vendor, fix your site",,2015-02-22 10:38:45 -0800,@ the moment in New Delhi,Pacific Time (US & Canada),3
569564853460807680,negative,1.0,Late Flight,0.3571,Virgin America,,finslippy,,0,"@virginamerica got a flight (we were told) for 4:50 today..,checked my email and its for 4;50 tomorrow. this is unacceptable.",,2015-02-22 10:30:17 -0800,Brooklyn,Eastern Time (US & Canada),1
569564610837086209,negative,1.0,Cancelled Flight,1.0,Virgin America,,finslippy,,0,"@virginamerica our flight into lga was cancelled flighted. we're stuck in dallas. i called to reschedule, told i could get a flight for today...(1/2)",,2015-02-22 10:29:19 -0800,Brooklyn,Eastern Time (US & Canada),0
569562202405019650,negative,1.0,Bad Flight,1.0,Virgin America,,Gr8Fratsby,,0,@virginamerica why don't any of the pairings include red wine?! only white is offered :( #redwineisbetter,,2015-02-22 10:19:45 -0800,"Washington, DC",Eastern Time (US & Canada),1
569541127340040192,negative,0.6517,Customer Service Issue,0.3371,Virgin America,,sbaaronson,,0,@virginamerica is the website down?,,2015-02-22 08:56:00 -0800,Los Angeles,,2
569540405676654592,negative,0.68,Customer Service Issue,0.35,Virgin America,,jonesbasf,,0,@virginamerica - your site seems a little wonked right now. may want to have a look. tried on two browsers. no css? http://t.co/8qsqmm7kf2,,2015-02-22 08:53:08 -0800,,,2
569494748341407744,negative,1.0,Customer Service Issue,0.7002,Virgin America,,Gr8Fratsby,,0,@virginamerica i'm disappointed that the agent at the designated silver status check in line @dulles_airport closed to assist all pasengers,,2015-02-22 05:51:43 -0800,"Washington, DC",Eastern Time (US & Canada),1
569477692166316033,negative,1.0,Customer Service Issue,1.0,Virgin America,,CSHangover,,0,@virginamerica is it normal to receive no reply from central baggage #baggageissues #smh,,2015-02-22 04:43:56 -0800,Tokyo,Irkutsk,0
569461469042966528,negative,1.0,longlines,0.6818,Virgin America,,girlphotophilly,,0,@virginamerica at logan airport and waiting to checkin for my 9am flight. checkin desk not open !!!!! why?!,,2015-02-22 03:39:28 -0800,"Philadelphia, Pa",Eastern Time (US & Canada),2
569369239183872000,negative,1.0,Can't Tell,0.6629999999999999,Virgin America,,Boards707,,0,"@virginamerica congrats, you just got all my business from ewr to sfo/lax. fuck you @united fl1289 sfo/ewr was the clincher...",,2015-02-21 21:32:59 -0800,"Belmar, NJ",Eastern Time (US & Canada),3
569368160291463168,negative,1.0,Customer Service Issue,0.6777,Virgin America,,MikeWiener,,0,@virginamerica  i applied over 2 weeks ago. haven't heard back and i'm flying this week #disappointed,,2015-02-21 21:28:42 -0800,,Eastern Time (US & Canada),3
569351220097216512,negative,1.0,Customer Service Issue,1.0,Virgin America,,ChrysiChrysic,,0,@virginamerica - too many apologies! you r the worse airlines! don't even respond to your cudtomers,,2015-02-21 20:21:23 -0800,,,0
569348775631675392,negative,1.0,Cancelled Flight,0.3709,Virgin America,,ChrysiChrysic,,0,@virginamerica shame on va for making people spend money in stranded cities when other airlines are landing at jfk! who will reimburse me?,,2015-02-21 20:11:40 -0800,,,3
569323082701275138,negative,1.0,Customer Service Issue,0.7148,Virgin America,,joyabsalon,,0,@virginamerica too bad you say it takes 10 to 14 days via your confirmation email. when i inquired after 3 weeks you claim 6 to 8 weeks!,,2015-02-21 18:29:35 -0800,Northern Virginia,Eastern Time (US & Canada),1
569318651502989312,negative,0.6791,Cancelled Flight,0.6791,Virgin America,,meladorri,,0,@virginamerica flight from bos &gt; las tomorrow was cancelled flightled. no notification; wait times are 1+ hour. will you rebook on another airline?,,2015-02-21 18:11:58 -0800,"Boston, MA",Central Time (US & Canada),0
569311060903268352,negative,1.0,Can't Tell,0.648,Virgin America,,MarwaYousofzoy,,0,"@virginamerica a lot of ""apologies"" being thrown out to customers from what i can see.very sad. thanks for nothing. worst airline ever.",,2015-02-21 17:41:48 -0800,,,1
569310635986546688,negative,1.0,Flight Attendant Complaints,0.6729,Virgin America,,TTINAC11,,0,@virginamerica  for all my flight stuff wrong and did nothing about it. had #worst #flight ever,,2015-02-21 17:40:07 -0800,"Las Vegas, NV",Mountain Time (US & Canada),0
569304030847090688,negative,1.0,Flight Booking Problems,0.6705,Virgin America,,alexrkonrad,,0,@virginamerica trying to book a flight with you guys and your website won't let me... about to lose my business,,2015-02-21 17:13:52 -0800,"New York, NY",Eastern Time (US & Canada),2
569303931916038144,negative,1.0,Can't Tell,1.0,Virgin America,,MarwaYousofzoy,,0,@virginamerica you suck!,,2015-02-21 17:13:29 -0800,,,0
569290361870426112,negative,1.0,Flight Booking Problems,0.6648,Virgin America,,MaximWheatley,,0,@virginamerica just dm'd. same issue persisting.,,2015-02-21 16:19:33 -0800,"Washington, DC",Atlantic Time (Canada),0
569282249717194754,negative,1.0,Cancelled Flight,1.0,Virgin America,,FiDiFamilies,,0,@virginamerica because we never rec'd cancelled flightlation notice we were left w no options to fly out of ps. driving to la for a red eye mon w kids,,2015-02-21 15:47:19 -0800,New York City ,Eastern Time (US & Canada),0
569277854950817792,negative,1.0,Flight Booking Problems,1.0,Virgin America,,lexiesalas,,0,@virginamerica trying to book a flight &amp; your site is down üòÅ,,2015-02-21 15:29:51 -0800,BAYAREA‚úàÔ∏èNYC,Pacific Time (US & Canada),2
569277352129138688,negative,0.7158,Cancelled Flight,0.7158,Virgin America,,Artenis15,,0,@virginamerica you have any flights flying into boston tomorrow? i need to be home and you cancelled flightled my flight and didn't do anything,,2015-02-21 15:27:52 -0800,MA // Ashton in Wonderland,Eastern Time (US & Canada),0
569263837448269826,negative,1.0,Cancelled Flight,1.0,Virgin America,,NancyJFriedman,,0,@virginamerica you stink. flight cancelled flighted from psp to jfk and no notification or ability to rebook #disappointed.  #expected better,,2015-02-21 14:34:09 -0800,New York City,Eastern Time (US & Canada),0
569262225900359680,negative,1.0,Customer Service Issue,0.6733,Virgin America,,MaximWheatley,,0,@virginamerica your website is down and i'm trying to check in!,,2015-02-21 14:27:45 -0800,"Washington, DC",Atlantic Time (Canada),2
569247769166266368,negative,0.7053,Bad Flight,0.7053,Virgin America,,wmrrock,,0,@virginamerica seats in row 8 don't recline should mention that on your website #soreback,,2015-02-21 13:30:18 -0800,CT,Eastern Time (US & Canada),2
569247394002563072,negative,1.0,Late Flight,1.0,Virgin America,,wmrrock,,0,@virginamerica flight 404 delayed 2 hours in la due to mechanical problems. handle like pros but you could have tossed us a free drink.,,2015-02-21 13:28:49 -0800,CT,Eastern Time (US & Canada),0
569244860286263297,negative,0.642,Cancelled Flight,0.642,Virgin America,,BigRichTexasPam,,0,@virginamerica why cancelled flight flights today? no precipitation to be scared of!  ‚ùÑÔ∏è‚ùÑÔ∏è‚ùÑÔ∏è,"[32.8437698, -96.84928399]",2015-02-21 13:18:45 -0800,FREE ADVICE! ,Central Time (US & Canada),0
569238877178716161,negative,1.0,Cancelled Flight,0.6735,Virgin America,,MistakeCakeJake,,0,@virginamerica you guys charged me $100 to reschedule a flight that was then cancelled flighted and are now refusing to refund it. what's the deal?,,2015-02-21 12:54:58 -0800,,Central Time (US & Canada),0
569237252154372097,negative,1.0,Customer Service Issue,0.6968,Virgin America,,NoelArtiles,,0,@virginamerica can‚Äôt access your website from safari on iphone 6. seems to work on mac and ipad. need iphone to add passbook.,"[0.0, 0.0]",2015-02-21 12:48:31 -0800,"Austin, TX",Central Time (US & Canada),2
569236251129163777,negative,0.6990000000000001,Customer Service Issue,0.6990000000000001,Virgin America,,floatingatoll,,0,"@virginamerica your mobile site is broken, shows 
""{{header.elevateuser.numofpointsavailable || '0' | number}} points"", won't let me checkin",,2015-02-21 12:44:32 -0800,"Silicon Valley, California",Pacific Time (US & Canada),2
569230983075115010,negative,0.664,Cancelled Flight,0.3412,Virgin America,,aaronkurlander,,0,@virginamerica i was really looking forward to my flight. can you let me know when it will be rescheduled? #diehardvirgin,,2015-02-21 12:23:36 -0800,"New York, NY",Eastern Time (US & Canada),0
569229785500680192,negative,1.0,Cancelled Flight,0.6452,Virgin America,,aaronkurlander,,0,"@virginamerica why cancelled flight flight vx413? one sec its delayed, on my to airport, the next its cancelled flightled?gonna email or call me to reschedule?",,2015-02-21 12:18:51 -0800,"New York, NY",Eastern Time (US & Canada),0
569226875349835776,negative,1.0,Customer Service Issue,0.6766,Virgin America,,borknagar,,0,@virginamerica i did it but there was a problem in the link from the email for check-in. thanks,,2015-02-21 12:07:17 -0800,chile,Santiago,1
569224234150404096,negative,1.0,Flight Booking Problems,0.6954,Virgin America,,propsonline,,0,@virginamerica had to change to another airline to get to dc today ... why is @united able to land in dc but not you? cost me $800 ...ugh,,2015-02-21 11:56:47 -0800,"California, USA",Pacific Time (US & Canada),0
569223788639821824,negative,1.0,Cancelled Flight,1.0,Virgin America,,propsonline,,0,@virginamerica i was so looking forward to my first flight with you today but it was cancelled flightled along with the subsequent one ...,,2015-02-21 11:55:01 -0800,"California, USA",Pacific Time (US & Canada),0
569221156504530944,negative,1.0,Can't Tell,0.6526,Virgin America,,shounshounette,,0,@virginamerica  how are you gonna have a deal from dallas to dc but no deal from dc to dallas? #sad,,2015-02-21 11:44:33 -0800,,,1
569218762907324416,negative,1.0,Customer Service Issue,1.0,Virgin America,,DonnellyPatrick,,0,@virginamerica hold times at call center are a bit much,,2015-02-21 11:35:03 -0800,SF Bay Area,Pacific Time (US & Canada),1
569211675108179968,negative,0.6455,Flight Booking Problems,0.3497,Virgin America,,josephschwegler,,0,@virginamerica site down? #help,,2015-02-21 11:06:53 -0800,,Pacific Time (US & Canada),3
569204272795004928,negative,0.6701,Customer Service Issue,0.3505,Virgin America,,daniellewolff,,0,"@virginamerica trying to reset my password, email never arrives. help?",,2015-02-21 10:37:28 -0800,"Los Angeles, CA",Pacific Time (US & Canada),0
569200606595952640,negative,0.6489,Late Flight,0.6489,Virgin America,,stephenasilverm,,0,@virginamerica what is the reason  for the delay of the departure of vx 413 from jfk this afternoon?,,2015-02-21 10:22:54 -0800,,,0
569198782421663745,negative,0.6786,Cancelled Flight,0.6786,Virgin America,,mrl6626,,0,"@virginamerica is todays flight from palm springs, ca to jfk in ny cancelled flightled?",,2015-02-21 10:15:39 -0800,,Arizona,0
569192778468626432,negative,1.0,Customer Service Issue,1.0,Virgin America,,bluesmoon,,0,"@virginamerica the css on your site is a 404 right now, please fix. site unusable.",,2015-02-21 09:51:48 -0800,"Cambridge, MA, USA, Earth",Eastern Time (US & Canada),2
569182336715243520,negative,0.6473,Lost Luggage,0.3341,Virgin America,,RedSoxGirl1976,,0,"@virginamerica we're on flight 910 vegas to boston today, checked in online but our bag count didn't register. can i fix that somehow?",,2015-02-21 09:10:18 -0800,Somewhere outside of Fenway,Eastern Time (US & Canada),3
569179517522046977,negative,0.6636,Customer Service Issue,0.6636,Virgin America,,borknagar,,0,"@virginamerica hi, i'm trying to do check-in but the website is not working. i tried 3 different browsers and the problem continues",,2015-02-21 08:59:06 -0800,chile,Santiago,2
569083230361673728,negative,0.6706,Bad Flight,0.3514,Virgin America,,eatgregeat,,0,"@virginamerica - the passenger in 7d, flt 338 that assaulted me shouldn't have flown. i trust he's banned. crew filed report to @faanews","[26.06726717, -80.14433663]",2015-02-21 02:36:29 -0800,,Eastern Time (US & Canada),1
569028851860254720,negative,1.0,Flight Booking Problems,0.6809,Virgin America,,alanzeino,,0,@virginamerica current bug on website shows ‚Äòselect departure city‚Äô when selecting destination city http://t.co/sllyibe2vq,,2015-02-20 23:00:24 -0800,San Francisco,Pacific Time (US & Canada),2
569022319437357056,negative,1.0,Damaged Luggage,1.0,Virgin America,,khartline,,0,@virginamerica luggage was severely dented/missing wheel coming off baggage claim in san. luggage agent miranda (i think) wasn't any help.,,2015-02-20 22:34:27 -0800,Las Vegas,Pacific Time (US & Canada),0
568945958970531840,negative,1.0,Bad Flight,0.6765,Virgin America,,HenryLucero,,0,@virginamerica requested window seat and confirmed window but got stuck in middle seat. not a good way to treat silver memberüòí,,2015-02-20 17:31:01 -0800,"Los Angeles, CA",,3
568942331921092608,negative,0.6965,Bad Flight,0.3634,Virgin America,,stephanieslome,,0,@virginamerica #wtf i paid for direct flight on purpose not to have to stop for fuel exhausted frequent flier and nothing for inconvenience!,,2015-02-20 17:16:37 -0800,San Francisco,Pacific Time (US & Canada),1
568940002849255425,negative,1.0,Customer Service Issue,0.6633,Virgin America,,Alex_Ricardo,,0,@virginamerica there is something wrong with you website in safari iphone,,2015-02-20 17:07:21 -0800,Montreal,Eastern Time (US & Canada),2
568929026644975616,negative,0.6368,Can't Tell,0.6368,Virgin America,,miekd,,0,@virginamerica already checked in so the page expired :x,,2015-02-20 16:23:44 -0800,San Francisco,Pacific Time (US & Canada),1
568928741298012160,negative,1.0,Customer Service Issue,0.6525,Virgin America,,insideout,,0,@virginamerica boo for a not refunding a seat upgrade fee i did not want to buy in the first place!,,2015-02-20 16:22:36 -0800,,Central Time (US & Canada),3
568901823215448064,negative,1.0,Bad Flight,0.6761,Virgin America,,MsReeseGirl,,0,"@virginamerica moved my seat with no notice. ""better seat"" is cabin select not behind the row i selectedüëé #disappointed",,2015-02-20 14:35:38 -0800,Los Angeles,Pacific Time (US & Canada),3
568882014415249408,negative,1.0,Lost Luggage,1.0,Virgin America,,snellbell,,0,@virginamerica already contacted central baggage &amp; sent dm. @renttherunway is charging me for the dress that was in the lost suitcase #help,,2015-02-20 13:16:56 -0800,,Quito,3
568868127364096000,negative,0.6569,Customer Service Issue,0.6569,Virgin America,,SleeplessByte,,0,@virginamerica is there anything going on with the website? i've been getting a lot of errors past 30 minutes.,"[0.0, 0.0]",2015-02-20 12:21:45 -0800,Rijswijk ‚ô° The Netherlands,Amsterdam,0
568853685855334400,negative,1.0,Can't Tell,0.6421,Virgin America,,Yorkshire_D,,0,@virginamerica @virginatlantic i have just checked in flight to sfo from lax &amp; been told as atlantic flying club gold i get no benefits?!,,2015-02-20 11:24:22 -0800,,,1
568850967673896960,negative,1.0,Flight Attendant Complaints,0.6458,Virgin America,,SaraBabs,,0,@virginamerica husband and i ordered three drinks via my screen and they never came. awesome!,,2015-02-20 11:13:34 -0800,dc,Eastern Time (US & Canada),0
568850943359496192,negative,1.0,Bad Flight,0.6979,Virgin America,,AdamSinger,,0,@virginamerica soooo are you guys going to leave the seatbelt light on all flight? you can barely call this turbulence :-),"[0.0, 0.0]",2015-02-20 11:13:28 -0800,"San Francisco, CA",Central Time (US & Canada),0
568840724700995584,negative,1.0,Flight Booking Problems,0.3895,Virgin America,,notthatnathan,,0,"@virginamerica funny story, your website is broken, you have missing javascript and stylesheets on the checkin process. i dislike this!",,2015-02-20 10:32:51 -0800,"Portland, Maine",Eastern Time (US & Canada),2
568830133626253312,negative,1.0,Customer Service Issue,0.6655,Virgin America,,RobynMatza,,0,@virginamerica i'm trying to check into my 10:50am ct flight tmm on the desktop website and it's not working (some sort of caching bug) sos,"[0.0, 0.0]",2015-02-20 09:50:46 -0800,"New York, NY",Eastern Time (US & Canada),2
568824637267685377,negative,1.0,Customer Service Issue,1.0,Virgin America,,miekd,,0,@virginamerica do you guys know your check-in links from emails are broken? http://t.co/2npxb6obmr,,2015-02-20 09:28:56 -0800,San Francisco,Pacific Time (US & Canada),2
568812046747201537,negative,1.0,Lost Luggage,1.0,Virgin America,,snellbell,,1,"@virginamerica lost my luggage 4 days ago on flight vx 112 from lax to iad &amp; i'm calling every day, no response.please give me back my stuff",,2015-02-20 08:38:54 -0800,,Quito,1
568811384437411840,negative,0.662,Flight Booking Problems,0.662,Virgin America,,chrisaguiar88,,0,@virginamerica the flight booking problems section of your website seems to be broken on chrome. might wanna look into that.,,2015-02-20 08:36:16 -0800,Massachusetts,,2
568790164404899840,negative,1.0,Can't Tell,1.0,Virgin America,,perMicah,,0,@virginamerica looks like a broken link for your assets https://t.co/oardjjgrrd,,2015-02-20 07:11:57 -0800,"Brooklyn, NY",Quito,2
568775898234798081,negative,1.0,Flight Booking Problems,0.6667,Virgin America,,perMicah,,0,@virginamerica the manage itinerary section of your website seems to be broken for me https://t.co/2pujvcelng,,2015-02-20 06:15:16 -0800,"Brooklyn, NY",Quito,2
568769672922812418,negative,1.0,Customer Service Issue,0.6237,Virgin America,,iamnayr,,0,"@virginamerica can't check in, your site looks like this every time it loads http://t.co/kacy2awdbw",,2015-02-20 05:50:31 -0800,"San Francisco, CA",Pacific Time (US & Canada),2
568663147189415936,negative,1.0,Customer Service Issue,0.6596,Virgin America,,davidhfe,,0,@virginamerica other carriers are less than half price for a round trip fare. i am stunned. http://t.co/ukdjjijrow,,2015-02-19 22:47:14 -0800,"San Francisco, CA",Pacific Time (US & Canada),0
568662343170674688,negative,1.0,Flight Booking Problems,0.6841,Virgin America,,davidhfe,,0,@virginamerica wtf is happening in pdx late flight march such that one way from sfo is ~$550?,,2015-02-19 22:44:02 -0800,"San Francisco, CA",Pacific Time (US & Canada),3
568608718994026496,negative,1.0,Lost Luggage,1.0,Virgin America,,j_payton,,0,"@virginamerica my luggage is gone. i've filed my paperwork, promised a call/email. still no resolution or response from central luggage.",,2015-02-19 19:10:57 -0800,San Francisco,Quito,0
568595620002279424,negative,1.0,Flight Booking Problems,0.6406,Virgin America,,El_Nel_81,,0,@virginamerica i requested a mileage challenge for status several weeks ago online but haven't heard back. how do i get help with this?,,2015-02-19 18:18:54 -0800,,,3
568585196699664384,negative,0.6381,Flight Booking Problems,0.3279,Virgin America,,zoelle,,0,"@virginamerica just trying to book tickets to nyc and facing super fun broken styling. don't worry, i'll keep trying :)",,2015-02-19 17:37:29 -0800,San Francisco,Pacific Time (US & Canada),2
568576829000425472,negative,1.0,Customer Service Issue,0.6543,Virgin America,,joyabsalon,,0,@virginamerica applied for status match on feb 1. got confirmation email same day. still no news though. you guys have dropped ball late flightly üò•,,2015-02-19 17:04:14 -0800,Northern Virginia,Eastern Time (US & Canada),1
568536882012749824,negative,0.6539,Customer Service Issue,0.3461,Virgin America,,conorjrogers,,0,@virginamerica trying to check-in...but looks like your site is down?,,2015-02-19 14:25:30 -0800, DC | Jersey City,Eastern Time (US & Canada),2
568532221180534784,negative,0.6558,Late Flight,0.6558,Virgin America,,bonniecamp,,1,"@virginamerica spending my birthday night with you, dal-dca. get me home!",,2015-02-19 14:06:59 -0800,,,1
568526847320784896,negative,0.6596,Customer Service Issue,0.3617,Virgin America,,GaySkiWeek,,0,@virginamerica sent a couple messages to the email you provided but to no avail. will try again next year. cheers.,,2015-02-19 13:45:37 -0800,"Telluride, CO",Central Time (US & Canada),2
568522203198697474,negative,0.6436,Can't Tell,0.324,Virgin America,,taygarrett,,0,"@virginamerica seriously, though. will there not be direct flights from sfo-fll in may???",,2015-02-19 13:27:10 -0800,san francisco,Eastern Time (US & Canada),2
568519971971538945,negative,0.3617,Flight Booking Problems,0.3617,Virgin America,,jamonholmgren,,0,@virginamerica it's fine. already done with my purchase. but you should try it. just go most of the way through then go back 3,,2015-02-19 13:18:18 -0800,"Vancouver, WA",Arizona,2
568518985056002049,negative,1.0,Bad Flight,0.6723,Virgin America,,BlackFlagShoppe,,0,"@virginamerica not really the experience i was hoping 4, i ws forced 2 check in a small carry on, w/ nothing but empty cabin space on board",,2015-02-19 13:14:23 -0800,‚ÄùStraight Outta Jersey‚Äù,Central Time (US & Canada),1
568517565548339200,negative,0.7223,longlines,0.7223,Virgin America,,c_crubin,,0,"@virginamerica
wjere is our luggage #so slow at lax",,2015-02-19 13:08:44 -0800,,London,0
568511755040657409,negative,1.0,Customer Service Issue,0.6581,Virgin America,,richeyvicious,,0,"@virginamerica i spoke with a representative that offered no solution, i am a loyal customer who flies on @virginatlantic as well",,2015-02-19 12:45:39 -0800,"LES, NYC",,1
568511474580066304,negative,1.0,Flight Booking Problems,0.6725,Virgin America,,richeyvicious,,0,@virginamerica i am deeply disappointed that your birthday promo was not applied to a trip i booked mere days before i received the email,,2015-02-19 12:44:32 -0800,"LES, NYC",,1
568496820604821505,negative,0.654,Flight Booking Problems,0.3438,Virgin America,,taygarrett,,0,"@virginamerica what happened to direct flights from sfo-fll? looking in may, only see connecting #help #dontdothistome",,2015-02-19 11:46:18 -0800,san francisco,Eastern Time (US & Canada),2
568469942711885825,negative,0.6756,Can't Tell,0.6756,Virgin America,,danteusa1,,0,"@virginamerica i have 2d and 3d embossed badges and patches superior to the ones you are currently using. 
http://t.co/3fq3xelbon",,2015-02-19 09:59:30 -0800,,,3
568463892453724160,negative,1.0,Bad Flight,0.6899,Virgin America,,wmrrock,,0,@virginamerica on vx399 from jfk to la - dirty plane - not up to your standards.,,2015-02-19 09:35:28 -0800,CT,Eastern Time (US & Canada),1
568463244035289088,negative,1.0,Bad Flight,1.0,Virgin America,,wmrrock,,0,@virginamerica on flight vx399 headed to la from jfk - dirtiest va plane i have ever been on. sad for a great airline.,"[0.0, 0.0]",2015-02-19 09:32:53 -0800,CT,Eastern Time (US & Canada),1
568458513636134913,negative,1.0,Customer Service Issue,1.0,Virgin America,,Matthewbenz,,0,@virginamerica your avis rental continue button doesn't work on your website to book car. tried 4 times on phone.  this sucks!,,2015-02-19 09:14:05 -0800,San Francisco,Pacific Time (US & Canada),2
568457140894969856,negative,1.0,Late Flight,1.0,Virgin America,,LondonBrushCo,,0,@virginamerica delayed to10.30!!,,2015-02-19 09:08:38 -0800,Global,Pacific Time (US & Canada),0
568456334581981184,negative,1.0,Customer Service Issue,1.0,Virgin America,,mightymeesh,,0,@virginamerica currently in minute 10 of being on hold with cust. service. do i need to do anything to add a lap child to my reservation?,,2015-02-19 09:05:26 -0800,San Francisco,,0
568447216156692480,negative,1.0,Can't Tell,1.0,Virgin America,,fattbelly,,0,@virginamerica comenity bank is a joke!  please change.  nothing but constant problems with this bank,,2015-02-19 08:29:12 -0800,S F,,3
568423029371334656,negative,1.0,Customer Service Issue,1.0,Virgin America,,hungarianhc,,0,"@virginamerica, i submitted a status match request a while back and still haven‚Äôt heard! i‚Äôm flying on monday. can you look / accelerate?","[0.0, 0.0]",2015-02-19 06:53:05 -0800,"San Francisco, CA",Alaska,1
568259485413715969,negative,0.6801,Flight Booking Problems,0.6801,Virgin America,,gbone34,,0,@virginamerica i'm pulling my hair out trying to book a flight with u. your site doesn't work on iphone or ipad.don't have a computer #help,,2015-02-18 20:03:13 -0800,,,2
568240364315783168,negative,0.6307,Customer Service Issue,0.6307,Virgin America,,edzme,,0,@virginamerica can i get some help with a support ticket? it's been 15 days.... incident: 150202-000419 thank you!,,2015-02-18 18:47:14 -0800,The other side,,1
568218962833461248,negative,1.0,Bad Flight,1.0,Virgin America,,contimike,,0,@virginamerica i cannot even open my laptop in seat 4c and i paid a premium for this?!!   let me out of here!,,2015-02-18 17:22:12 -0800,"New York, sort of!",,3
568216286561374208,negative,1.0,Bad Flight,1.0,Virgin America,,contimike,,0,@virginamerica i am in seat 4c and i cannot even open my laptop; and i paid extra for this seat!!,,2015-02-18 17:11:34 -0800,"New York, sort of!",,3
568174745293709313,negative,0.6727,Customer Service Issue,0.6727,Virgin America,,mekirkpatrick,,0,@virginamerica fyi the info@virginamerica.com email address you say to contact in password reset emails doesn't exist. emails bounce.,,2015-02-18 14:26:30 -0800,"Long Beach, CA",Pacific Time (US & Canada),1
568165573869199361,negative,1.0,Customer Service Issue,1.0,Virgin America,,jpf4986,,0,@virginamerica status match - 2 weeks have gone by and no news.flt next week - hope flt will count towards requirement.  cust svc no help!!!,,2015-02-18 13:50:03 -0800,,,3
568157680696729600,negative,0.6702,Customer Service Issue,0.6702,Virgin America,,Pace6445,,0,@virginamerica your website sucks donkey dicks. just thought you should know. all best.,"[40.63767372, -74.11075451]",2015-02-18 13:18:41 -0800,"Staten Island, NY",,2
568148652352544769,negative,0.6876,Can't Tell,0.6876,Virgin America,,HuntTreadwell,,0,@virginamerica all crap channels which is why i pay to watch uk tv,,2015-02-18 12:42:49 -0800,,,1
568136946016522240,negative,1.0,Can't Tell,1.0,Virgin America,,wmrrock,,0,@virginamerica how come you don't have an iphone app? still using and making me waste paper.,"[0.0, 0.0]",2015-02-18 11:56:18 -0800,CT,Eastern Time (US & Canada),3
568132935037132800,negative,1.0,Customer Service Issue,0.6989,Virgin America,,matthew,,0,@virginamerica your back of seat entertainment system does not accept credit cards that  have an apostrophe in the surname. #apostrophefail,,2015-02-18 11:40:21 -0800,"San Francisco, CA",Pacific Time (US & Canada),3
568132204712370178,negative,0.6901,longlines,0.3802,Virgin America,,mrpresident1776,,0,@virginamerica when will vx use all 6 lga slots instead of 4 today? adding aus makes this less likely :(,,2015-02-18 11:37:27 -0800,"Washington, D.C.",,3
568104264733573122,negative,0.6651,Flight Booking Problems,0.3413,Virgin America,,onewil,,0,@virginamerica sad to learn you no longer fly sfo &gt; phl. hope it returns!,"[0.0, 0.0]",2015-02-18 09:46:26 -0800,"San Francisco, CA",Pacific Time (US & Canada),1
568083179023650818,negative,1.0,Bad Flight,0.3556,Virgin America,,iamWalkerR,,0,@virginamerica kinda sucked my earphone jack didn't work on my flight. they may want to look into that for future passengers,,2015-02-18 08:22:39 -0800,"New York, NY",Central Time (US & Canada),2
568079278505463808,negative,1.0,Bad Flight,0.6326,Virgin America,,MarcoFlavioM,,0,@virginamerica very poor experience. first computer problem now seat malfunction. stuck. missing meeting in san diego.,,2015-02-18 08:07:09 -0800,USA,Pacific Time (US & Canada),3
568017135236022273,negative,1.0,Cancelled Flight,1.0,Virgin America,,NickyB617,,0,"@virginamerica i tried that. you offered to charge me an additional $1k for a new ticket or be stranded until thurs. 1st time, last time.",,2015-02-18 04:00:12 -0800,"Boston, MA",Eastern Time (US & Canada),1
567972416846217216,negative,1.0,Can't Tell,0.3373,Virgin America,,total_janarchy,,0,"@virginamerica never had a bad experience before, but this one took the cake. now extortion for carry on items as well?",,2015-02-18 01:02:31 -0800,,Eastern Time (US & Canada),0
567972174398689280,negative,1.0,Damaged Luggage,0.3434,Virgin America,,total_janarchy,,0,@virginamerica had to spend 5 hours worrying that items in carryon would be broken/stolen since i couldn't carry them on plane or lock bag.,,2015-02-18 01:01:33 -0800,,Eastern Time (US & Canada),1
567971836321009664,negative,1.0,Flight Attendant Complaints,0.6773,Virgin America,,total_janarchy,,0,"@virginamerica all of group e was told there was no more room in the bins. when i got on the plane, was room for at least 4 bags in my row!",,2015-02-18 01:00:12 -0800,,Eastern Time (US & Canada),1
567971610801664000,negative,0.6703,Bad Flight,0.6703,Virgin America,,total_janarchy,,0,@virginamerica thanks for making my flight from lax to jfk a nightmare by forcing me to check my carry on bag at the gate. (1),,2015-02-18 00:59:19 -0800,,Eastern Time (US & Canada),1
567946319349706753,negative,1.0,Customer Service Issue,0.6977,Virgin America,,helenalor,,0,@virginamerica i have lots of flights to book and your site it not working!!!! i've been on the phone waiting for over 10 minutes..........,"[0.0, 0.0]",2015-02-17 23:18:49 -0800,San Francisco,Eastern Time (US & Canada),3
567849520781893632,negative,1.0,Late Flight,1.0,Virgin America,,lindsowesto,,0,@virginamerica why is it taking 12 years to fly home to dallas? get your shit together.,,2015-02-17 16:54:10 -0800,Texas,Central America,1
567810209088847873,negative,1.0,Customer Service Issue,0.7012,Virgin America,,wtcgroup,,0,@virginamerica man of steel flies to more cities though...and with more frequency too.,,2015-02-17 14:17:57 -0800,SF Bay Area/ Las Vegas,,1
567792185832394752,negative,1.0,Customer Service Issue,0.7055,Virgin America,,reekyrocks,,0,@virginamerica started my flight with a scolding for using an overhead bin that was then offered to the person seated next to me.,,2015-02-17 13:06:20 -0800,"Los Angeles, CA",Pacific Time (US & Canada),3
567786760287096832,negative,1.0,Cancelled Flight,0.6458,Virgin America,,RyScanlon,,0,"@virginamerica while other airlines weren't cancelled flighting flights into bos, and helping their customers get home, virgin was saying good luck!",,2015-02-17 12:44:47 -0800,,Atlantic Time (Canada),0
567785191901376512,negative,1.0,Customer Service Issue,1.0,Virgin America,,RyScanlon,,0,@virginamerica grouping virgin in with the others now. bos weather has exposed their actual cus serv model. never flight booking problems with virgin again!,,2015-02-17 12:38:33 -0800,,Atlantic Time (Canada),3
567783687980367872,negative,1.0,Customer Service Issue,0.6834,Virgin America,,RyScanlon,,0,"@virginamerica as one of the travelers affected by the boston storm, i'm shocked at virgin's complete apathy toward their customers.",,2015-02-17 12:32:34 -0800,,Atlantic Time (Canada),1
567772685472915456,negative,0.6579,Customer Service Issue,0.6579,Virgin America,,cayocrazy,,0,@virginamerica umm so no reason as to why this is? is there someone different i should contact (or contact me) to get a definitive answer?,,2015-02-17 11:48:51 -0800,,,1
567770107062284288,negative,0.6515,Flight Booking Problems,0.3358,Virgin America,,paulhting,,0,@virginamerica trying to make the change in advance (not just 24 hours prior)‚Ä¶tried it online earlier and it wanted $300 in change fees.,,2015-02-17 11:38:36 -0800,"Charlottesville, VA",Eastern Time (US & Canada),3
567748973910163457,negative,0.6778,Bad Flight,0.6778,Virgin America,,tan_talize,,0,"@virginamerica mood lighting on pointüôå reclining my seat, kickin up my feetüí§",,2015-02-17 10:14:38 -0800,LA&OC,,3
567745903474540545,negative,0.3573,Late Flight,0.3573,Virgin America,,jonovoss,,0,@virginamerica my flight (6000) scheduled for 1pm departure still says on time but no plane at gate. any update on how long of a delay?,,2015-02-17 10:02:26 -0800,"Washington, DC",Atlantic Time (Canada),1
567744381432516608,negative,1.0,Customer Service Issue,0.6737,Virgin America,,texasjuls,,0,@virginamerica my group got their cancelled flightlation fees waived but i can't because my ticket is booked for 2/18? your reps were no help either üò°,,2015-02-17 09:56:23 -0800,Texas,Central Time (US & Canada),0
